2026-06-25 01:36:38,198 [INFO] ============================================================
2026-06-25 01:36:38,198 [INFO] Hotwheels Monitor Started
2026-06-25 01:36:38,198 [INFO] Check interval: 5 minutes
2026-06-25 01:36:38,198 [INFO] Amazon products: 7
2026-06-25 01:36:38,198 [INFO] Blinkit pincodes: 3
2026-06-25 01:36:38,199 [INFO] ============================================================
2026-06-25 01:36:38,199 [INFO] 
--- Check started at 2026-06-25 01:36:38 ---
2026-06-25 01:36:38,199 [INFO] Checking Amazon: Hot Wheels Mazda 787B
2026-06-25 01:36:38,496 [WARNING]   Could not parse price for Hot Wheels Mazda 787B
2026-06-25 01:36:38,498 [INFO] Checking Amazon: Hot Wheels Lotus Emira
2026-06-25 01:36:40,457 [INFO]   Price: ₹999.0, MRP: ₹1999.0, In Stock: True
2026-06-25 01:36:44,331 [INFO] Checking Amazon: Hot Wheels Mazda MX-5 Miata
2026-06-25 01:36:46,206 [INFO]   Price: ₹398.0, MRP: ₹1999.0, In Stock: True
2026-06-25 01:36:48,450 [INFO] Checking Amazon: LB-ER34 Super Silhouette Nissan Skyline
2026-06-25 01:36:50,217 [INFO]   Price: ₹2299.0, MRP: ₹999.0, In Stock: True
2026-06-25 01:36:53,858 [INFO] Checking Amazon: Nissan Silvia S15 (Drift Pack of 5)
2026-06-25 01:36:55,850 [INFO]   Price: ₹1490.0, MRP: ₹1999.0, In Stock: True
2026-06-25 01:36:59,098 [INFO] Checking Amazon: Lamborghini Gallardo LP 570-4 Superleggera (Fast & Furious)
2026-06-25 01:36:59,456 [WARNING]   Could not parse price for Lamborghini Gallardo LP 570-4 Superleggera (Fast & Furious)
2026-06-25 01:36:59,457 [INFO] Checking Amazon: Koenigsegg Jesko HW Exotics
2026-06-25 01:37:01,414 [INFO]   Price: ₹1498.0, MRP: ₹1999.0, In Stock: True
2026-06-25 01:37:06,110 [INFO] Checking Blinkit: 'hotwheels' at pincode 400101 (store 31654)
2026-06-25 01:37:06,639 [INFO]   No products found or API blocked
2026-06-25 01:37:09,459 [INFO] Checking Blinkit: 'hotwheels' at pincode 400101 (store 34784)
2026-06-25 01:37:10,058 [INFO]   No products found or API blocked
2026-06-25 01:37:11,397 [INFO] Checking Blinkit: 'hot wheels car' at pincode 400101 (store 31654)
2026-06-25 01:37:12,193 [INFO]   No products found or API blocked
2026-06-25 01:37:13,382 [INFO] Checking Blinkit: 'hot wheels car' at pincode 400101 (store 34784)
2026-06-25 01:37:13,804 [INFO]   No products found or API blocked
2026-06-25 01:37:16,090 [INFO] Checking Blinkit: 'hotwheels 1:64' at pincode 400101 (store 31654)
2026-06-25 01:37:16,696 [INFO]   No products found or API blocked
2026-06-25 01:37:18,839 [INFO] Checking Blinkit: 'hotwheels 1:64' at pincode 400101 (store 34784)
2026-06-25 01:37:19,362 [INFO]   No products found or API blocked
2026-06-25 01:37:21,907 [INFO] Checking Blinkit: 'hot wheels ferrari sf90' at pincode 400101 (store 31654)
2026-06-25 01:37:22,330 [INFO]   No products found or API blocked
2026-06-25 01:37:24,196 [INFO] Checking Blinkit: 'hot wheels ferrari sf90' at pincode 400101 (store 34784)
2026-06-25 01:37:24,788 [INFO]   No products found or API blocked
2026-06-25 01:37:27,511 [INFO] Checking Blinkit: 'hot wheels 82 toyota supra' at pincode 400101 (store 31654)
2026-06-25 01:37:28,057 [INFO]   No products found or API blocked
2026-06-25 01:37:30,977 [INFO] Checking Blinkit: 'hot wheels 82 toyota supra' at pincode 400101 (store 34784)
2026-06-25 01:37:31,341 [INFO]   No products found or API blocked
2026-06-25 01:37:32,914 [INFO] Checking Blinkit: 'hot wheels 88 mitsubishi starion' at pincode 400101 (store 31654)
2026-06-25 01:37:33,388 [INFO]   No products found or API blocked
2026-06-25 01:37:36,149 [INFO] Checking Blinkit: 'hot wheels 88 mitsubishi starion' at pincode 400101 (store 34784)
2026-06-25 01:37:55,399 [INFO] ============================================================
2026-06-25 01:37:55,399 [INFO] Hotwheels Monitor Started
2026-06-25 01:37:55,399 [INFO] Check interval: 5 minutes
2026-06-25 01:37:55,400 [INFO] Amazon products: 7
2026-06-25 01:37:55,400 [INFO] Blinkit pincodes: 3
2026-06-25 01:37:55,400 [INFO] ============================================================
2026-06-25 01:37:55,400 [INFO] 
--- Check started at 2026-06-25 01:37:55 ---
2026-06-25 01:37:55,400 [INFO] Checking Amazon: Hot Wheels Mazda 787B
2026-06-25 01:37:57,673 [INFO]   Price: ₹792.0, MRP: ₹1099.0, In Stock: True
2026-06-25 01:38:00,117 [INFO] Checking Amazon: Hot Wheels Lotus Emira
2026-06-25 01:38:02,140 [INFO]   Price: ₹999.0, MRP: ₹1999.0, In Stock: True
2026-06-25 01:38:04,282 [INFO] Checking Amazon: Hot Wheels Mazda MX-5 Miata
2026-06-25 01:38:06,041 [INFO]   Price: ₹398.0, MRP: ₹1999.0, In Stock: True
2026-06-25 01:38:10,003 [INFO] Checking Amazon: LB-ER34 Super Silhouette Nissan Skyline
2026-06-25 01:38:11,682 [INFO]   Price: ₹2299.0, MRP: ₹2499.0, In Stock: True
2026-06-25 01:38:13,965 [INFO] Checking Amazon: Nissan Silvia S15 (Drift Pack of 5)
2026-06-25 01:38:15,970 [INFO]   Price: ₹1490.0, MRP: ₹1999.0, In Stock: True
2026-06-25 01:38:19,335 [INFO] Checking Amazon: Lamborghini Gallardo LP 570-4 Superleggera (Fast & Furious)
2026-06-25 01:38:19,513 [WARNING]   Could not parse price for Lamborghini Gallardo LP 570-4 Superleggera (Fast & Furious)
2026-06-25 01:38:19,513 [INFO] Checking Amazon: Koenigsegg Jesko HW Exotics
2026-06-25 01:38:21,334 [INFO]   Price: ₹1498.0, MRP: ₹1999.0, In Stock: True
2026-06-25 01:38:25,908 [INFO] Checking Blinkit: 'hotwheels' at pincode 400101 (store 31654)
2026-06-25 01:38:26,636 [INFO]   No products found or API blocked
2026-06-25 01:38:29,030 [INFO] Checking Blinkit: 'hotwheels' at pincode 400101 (store 34784)
2026-06-25 01:38:29,502 [INFO]   No products found or API blocked
2026-06-25 01:38:32,290 [INFO] Checking Blinkit: 'hot wheels car' at pincode 400101 (store 31654)
2026-06-25 01:38:32,654 [INFO]   No products found or API blocked
2026-06-25 01:38:34,432 [INFO] Checking Blinkit: 'hot wheels car' at pincode 400101 (store 34784)
2026-06-25 01:38:34,788 [INFO]   No products found or API blocked
2026-06-25 01:38:36,416 [INFO] Checking Blinkit: 'hotwheels 1:64' at pincode 400101 (store 31654)
2026-06-25 01:38:36,876 [INFO]   No products found or API blocked
2026-06-25 01:38:38,024 [INFO] Checking Blinkit: 'hotwheels 1:64' at pincode 400101 (store 34784)
2026-06-25 01:38:38,633 [INFO]   No products found or API blocked
2026-06-25 01:38:40,882 [INFO] Checking Blinkit: 'hot wheels ferrari sf90' at pincode 400101 (store 31654)
2026-06-25 01:38:41,484 [INFO]   No products found or API blocked
2026-06-25 01:38:42,511 [INFO] Checking Blinkit: 'hot wheels ferrari sf90' at pincode 400101 (store 34784)
2026-06-25 01:38:42,973 [INFO]   No products found or API blocked
2026-06-25 01:38:44,364 [INFO] Checking Blinkit: 'hot wheels 82 toyota supra' at pincode 400101 (store 31654)
2026-06-25 01:38:45,067 [INFO]   No products found or API blocked
2026-06-25 01:38:47,317 [INFO] Checking Blinkit: 'hot wheels 82 toyota supra' at pincode 400101 (store 34784)
2026-06-25 01:38:47,832 [INFO]   No products found or API blocked
2026-06-25 01:38:50,508 [INFO] Checking Blinkit: 'hot wheels 88 mitsubishi starion' at pincode 400101 (store 31654)
2026-06-25 01:38:50,963 [INFO]   No products found or API blocked
2026-06-25 01:38:53,455 [INFO] Checking Blinkit: 'hot wheels 88 mitsubishi starion' at pincode 400101 (store 34784)
2026-06-25 01:38:54,078 [INFO]   No products found or API blocked
2026-06-25 01:38:55,713 [INFO] Checking Blinkit: 'hot wheels subaru impreza wrx' at pincode 400101 (store 31654)
2026-06-25 01:38:56,206 [INFO]   No products found or API blocked
2026-06-25 01:38:58,865 [INFO] Checking Blinkit: 'hot wheels subaru impreza wrx' at pincode 400101 (store 34784)
2026-06-25 01:38:59,405 [INFO]   No products found or API blocked
2026-06-25 01:39:02,377 [INFO] Checking Blinkit: 'hot wheels koenigsegg cc850' at pincode 400101 (store 31654)
2026-06-25 01:39:02,782 [INFO]   No products found or API blocked
2026-06-25 01:39:05,722 [INFO] Checking Blinkit: 'hot wheels koenigsegg cc850' at pincode 400101 (store 34784)
2026-06-25 01:39:06,355 [INFO]   No products found or API blocked
2026-06-25 01:39:09,334 [INFO] Checking Blinkit: 'hot wheels enzo ferrari' at pincode 400101 (store 31654)
2026-06-25 01:39:09,800 [INFO]   No products found or API blocked
2026-06-25 01:39:11,431 [INFO] Checking Blinkit: 'hot wheels enzo ferrari' at pincode 400101 (store 34784)
2026-06-25 01:39:11,897 [INFO]   No products found or API blocked
2026-06-25 01:39:13,285 [INFO] Checking Blinkit: 'hotwheels' at pincode 400067 (store 34492)
2026-06-25 01:39:13,702 [INFO]   No products found or API blocked
2026-06-25 01:39:15,754 [INFO] Checking Blinkit: 'hotwheels' at pincode 400067 (store 34558)
2026-06-25 01:39:16,371 [INFO]   No products found or API blocked
2026-06-25 01:39:18,221 [INFO] Checking Blinkit: 'hotwheels' at pincode 400067 (store 36858)
2026-06-25 01:39:18,655 [INFO]   No products found or API blocked
2026-06-25 01:39:20,106 [INFO] Checking Blinkit: 'hotwheels' at pincode 400067 (store 43505)
2026-06-25 01:39:20,782 [INFO]   No products found or API blocked
2026-06-25 01:39:23,532 [INFO] Checking Blinkit: 'hot wheels car' at pincode 400067 (store 34492)
2026-06-25 01:39:23,980 [INFO]   No products found or API blocked
2026-06-25 01:41:46,228 [INFO] ============================================================
2026-06-25 01:41:46,228 [INFO] Hotwheels Monitor Started
2026-06-25 01:41:46,228 [INFO] Check interval: 5 minutes
2026-06-25 01:41:46,228 [INFO] Amazon products: 7
2026-06-25 01:41:46,228 [INFO] Blinkit pincodes: 3
2026-06-25 01:41:46,228 [INFO] ============================================================
2026-06-25 01:41:46,228 [INFO] 
--- Check started at 2026-06-25 01:41:46 ---
2026-06-25 01:41:46,228 [INFO] Checking Amazon: Hot Wheels Mazda 787B
2026-06-25 01:41:48,339 [INFO]   Price: ₹792.0, MRP: ₹1099.0, In Stock: True
2026-06-25 01:41:52,781 [INFO] Checking Amazon: Hot Wheels Lotus Emira
2026-06-25 01:41:54,832 [INFO]   Price: ₹999.0, MRP: ₹1999.0, In Stock: True
2026-06-25 01:41:56,849 [INFO] Checking Amazon: Hot Wheels Mazda MX-5 Miata
2026-06-25 01:41:58,682 [INFO]   Price: ₹398.0, MRP: ₹1999.0, In Stock: True
2026-06-25 01:42:00,971 [INFO] Checking Amazon: LB-ER34 Super Silhouette Nissan Skyline
2026-06-25 01:42:02,920 [INFO]   Price: ₹2299.0, MRP: ₹599.0, In Stock: True
2026-06-25 01:42:05,343 [INFO] Checking Amazon: Nissan Silvia S15 (Drift Pack of 5)
2026-06-25 01:42:07,191 [INFO]   Price: ₹1490.0, MRP: ₹1999.0, In Stock: True
2026-06-25 01:42:12,111 [INFO] Checking Amazon: Lamborghini Gallardo LP 570-4 Superleggera (Fast & Furious)
2026-06-25 01:42:12,325 [WARNING]   Could not parse price for Lamborghini Gallardo LP 570-4 Superleggera (Fast & Furious)
2026-06-25 01:42:12,325 [INFO] Checking Amazon: Koenigsegg Jesko HW Exotics
2026-06-25 01:42:12,613 [WARNING]   Could not parse price for Koenigsegg Jesko HW Exotics
2026-06-25 01:42:12,613 [INFO] Checking Blinkit: 'hotwheels' at pincode 400101
2026-06-25 01:42:13,250 [INFO]   Blinkit: API blocked (use Amazon for reliable monitoring)
2026-06-25 01:42:15,275 [INFO] Checking Blinkit: 'hot wheels' at pincode 400101
2026-06-25 01:42:15,706 [INFO]   Blinkit: API blocked (use Amazon for reliable monitoring)
2026-06-25 01:42:19,200 [INFO] Checking Blinkit: 'hotwheels' at pincode 400067
2026-06-25 01:42:19,744 [INFO]   Blinkit: API blocked (use Amazon for reliable monitoring)
2026-06-25 01:42:22,637 [INFO] Checking Blinkit: 'hot wheels' at pincode 400067
2026-06-25 01:42:23,081 [INFO]   Blinkit: API blocked (use Amazon for reliable monitoring)
2026-06-25 01:42:25,126 [INFO] Checking Blinkit: 'hotwheels' at pincode 401203
2026-06-25 01:42:25,534 [INFO]   Blinkit: API blocked (use Amazon for reliable monitoring)
2026-06-25 01:42:28,271 [INFO] Checking Blinkit: 'hot wheels' at pincode 401203
2026-06-25 01:42:28,807 [INFO]   Blinkit: API blocked (use Amazon for reliable monitoring)
2026-06-25 01:42:47,919 [ERROR] Telegram send failed: 404 {"ok":false,"error_code":404,"description":"Not Found"}
2026-06-25 01:42:47,920 [INFO] Alert sent: Amazon - Hot Wheels 2025 Mazda 787B Peak Pursuit 
2026-06-25 01:42:49,425 [ERROR] Telegram send failed: 404 {"ok":false,"error_code":404,"description":"Not Found"}
2026-06-25 01:42:49,426 [INFO] Alert sent: Amazon - Hot Wheels Lotus Emira Factory Fresh Age
2026-06-25 01:42:51,031 [ERROR] Telegram send failed: 404 {"ok":false,"error_code":404,"description":"Not Found"}
2026-06-25 01:42:51,032 [INFO] Alert sent: Amazon - Hot Wheels 15 Mazda MX 5 Miata HW J Impo
2026-06-25 01:43:07,617 [ERROR] Telegram send failed: 404 {"ok":false,"error_code":404,"description":"Not Found"}
2026-06-25 01:43:07,618 [INFO] Alert sent: Amazon - Hot Wheels Car 2024 HW Drift Pack of 5 (
2026-06-25 01:43:08,619 [INFO] Check complete. New alerts: 4
2026-06-25 01:43:08,619 [INFO] Next check in 5 minutes...
2026-06-25 01:52:04,941 [INFO] ============================================================
2026-06-25 01:52:04,941 [INFO] Hotwheels Monitor Started
2026-06-25 01:52:04,941 [INFO] Check interval: 5 minutes
2026-06-25 01:52:04,941 [INFO] Amazon products: 10
2026-06-25 01:52:04,941 [INFO] Blinkit pincodes: 1
2026-06-25 01:52:04,941 [INFO] ============================================================
2026-06-25 01:52:04,941 [INFO] 
--- Check started at 2026-06-25 01:52:04 ---
2026-06-25 01:52:04,941 [INFO] Checking Amazon: Hot Wheels Mazda 787B
2026-06-25 01:52:07,075 [INFO]   Price: ₹792.0, MRP: ₹1099.0, In Stock: True
2026-06-25 01:52:09,096 [INFO] Checking Amazon: Hot Wheels Lotus Emira
2026-06-25 01:52:11,060 [INFO]   Price: ₹999.0, MRP: ₹1999.0, In Stock: True
2026-06-25 01:52:14,931 [INFO] Checking Amazon: LB-ER34 Super Silhouette Nissan Skyline
2026-06-25 01:52:16,678 [INFO]   Price: ₹2299.0, MRP: ₹599.0, In Stock: True
2026-06-25 01:52:19,083 [INFO] Checking Amazon: Nissan Silvia S15 (Drift Pack of 5)
2026-06-25 01:52:20,970 [INFO]   Price: ₹1490.0, MRP: ₹1999.0, In Stock: True
2026-06-25 01:52:23,851 [INFO] Checking Amazon: Mazda RX-7 FD Fast & Furious Premium
2026-06-25 01:52:26,158 [INFO]   Price: ₹2939.0, MRP: ₹3999.0, In Stock: True
2026-06-25 01:52:31,073 [INFO] Checking Amazon: Hot Wheels Boulevard BMW M3 Gold
2026-06-25 01:52:31,288 [WARNING]   Could not parse price for Hot Wheels Boulevard BMW M3 Gold
2026-06-25 01:52:31,288 [INFO] Checking Amazon: Hot Wheels Euro Speed Bugatti Bolide Premium
2026-06-25 01:52:31,500 [WARNING]   Could not parse price for Hot Wheels Euro Speed Bugatti Bolide Premium
2026-06-25 01:52:31,500 [INFO] Checking Amazon: Hot Wheels Premium Race Team Red Bull F1
2026-06-25 01:52:33,416 [INFO]   Price: ₹1895.0, MRP: ₹2999.0, In Stock: True
2026-06-25 01:52:37,668 [INFO] Checking Amazon: Hot Wheels Premium Race Team Williams F1
2026-06-25 01:52:39,988 [INFO]   Price: ₹999.0, MRP: ₹1999.0, In Stock: True
2026-06-25 01:52:42,622 [INFO] Checking Amazon: Hot Wheels Premium Race Team Alpine F1
2026-06-25 01:52:43,003 [WARNING]   Could not parse price for Hot Wheels Premium Race Team Alpine F1
2026-06-25 01:52:43,003 [INFO] Checking Blinkit: 'hotwheels' at pincode 400101
2026-06-25 01:52:43,409 [INFO]   Blinkit: API blocked (use Amazon for reliable monitoring)
2026-06-25 01:52:45,665 [INFO] Checking Blinkit: 'hot wheels' at pincode 400101
2026-06-25 01:52:46,178 [INFO]   Blinkit: API blocked (use Amazon for reliable monitoring)
2026-06-25 01:53:06,034 [ERROR] Telegram send failed: 403 {"ok":false,"error_code":403,"description":"Forbidden: the bot can't send messages to the bot"}
2026-06-25 01:53:06,035 [INFO] Alert sent: Amazon - Hot Wheels Premium Toy Car, 1:64 Scale D
2026-06-25 01:53:22,834 [ERROR] Telegram send failed: 403 {"ok":false,"error_code":403,"description":"Forbidden: the bot can't send messages to the bot"}
2026-06-25 01:53:22,835 [INFO] Alert sent: Amazon - Hot Wheels 1:64 Scale Premium Race Team 
2026-06-25 01:53:39,627 [ERROR] Telegram send failed: 403 {"ok":false,"error_code":403,"description":"Forbidden: the bot can't send messages to the bot"}
2026-06-25 01:53:39,627 [INFO] Alert sent: Amazon - Hot Wheels 1:64 Scale Premium Race Team 
2026-06-25 01:53:40,628 [INFO] Check complete. New alerts: 3
2026-06-25 01:53:40,629 [INFO] Next check in 5 minutes...
2026-06-25 01:58:35,657 [INFO] ============================================================
2026-06-25 01:58:35,657 [INFO] Hotwheels Monitor Started
2026-06-25 01:58:35,657 [INFO] Check interval: 5 minutes
2026-06-25 01:58:35,657 [INFO] Amazon products: 10
2026-06-25 01:58:35,657 [INFO] Blinkit pincodes: 1
2026-06-25 01:58:35,657 [INFO] ============================================================
2026-06-25 01:58:35,658 [INFO] 
--- Check started at 2026-06-25 01:58:35 ---
2026-06-25 01:58:35,658 [INFO] Checking Amazon: Hot Wheels Mazda 787B
2026-06-25 01:58:35,895 [WARNING]   Could not parse price for Hot Wheels Mazda 787B
2026-06-25 01:58:35,895 [INFO] Checking Amazon: Hot Wheels Lotus Emira
2026-06-25 01:58:37,882 [INFO]   Price: ₹999.0, MRP: ₹1999.0, In Stock: True
2026-06-25 01:58:41,524 [INFO] Checking Amazon: LB-ER34 Super Silhouette Nissan Skyline
2026-06-25 01:58:43,348 [INFO]   Price: ₹2299.0, MRP: ₹1999.0, In Stock: True
2026-06-25 01:58:47,521 [INFO] Checking Amazon: Nissan Silvia S15 (Drift Pack of 5)
2026-06-25 01:58:49,432 [INFO]   Price: ₹1490.0, MRP: ₹1999.0, In Stock: True
2026-06-25 01:58:52,465 [INFO] Checking Amazon: Mazda RX-7 FD Fast & Furious Premium
2026-06-25 01:58:54,424 [INFO]   Price: ₹2939.0, MRP: ₹3999.0, In Stock: True
2026-06-25 01:58:59,420 [INFO] Checking Amazon: Hot Wheels Boulevard BMW M3 Gold
2026-06-25 01:59:01,227 [INFO]   Price: ₹1790.0, MRP: ₹2999.0, In Stock: True
2026-06-25 01:59:03,525 [INFO] Checking Amazon: Hot Wheels Euro Speed Bugatti Bolide Premium
2026-06-25 01:59:03,781 [WARNING]   Could not parse price for Hot Wheels Euro Speed Bugatti Bolide Premium
2026-06-25 01:59:03,782 [INFO] Checking Amazon: Hot Wheels Premium Race Team Red Bull F1
2026-06-25 01:59:05,686 [INFO]   Price: ₹1895.0, MRP: ₹2999.0, In Stock: True
2026-06-25 01:59:08,950 [INFO] Checking Amazon: Hot Wheels Premium Race Team Williams F1
2026-06-25 01:59:10,896 [INFO]   Price: ₹999.0, MRP: ₹1999.0, In Stock: True
2026-06-25 01:59:14,438 [INFO] Checking Amazon: Hot Wheels Premium Race Team Alpine F1
2026-06-25 01:59:16,354 [INFO]   Price: ₹999.0, MRP: ₹1999.0, In Stock: True
2026-06-25 01:59:18,993 [INFO] Checking Blinkit: 'hotwheels' at pincode 400101
2026-06-25 01:59:19,591 [INFO]   Blinkit: API blocked (use Amazon for reliable monitoring)
2026-06-25 01:59:22,170 [INFO] Checking Blinkit: 'hot wheels' at pincode 400101
2026-06-25 01:59:22,738 [INFO]   Blinkit: API blocked (use Amazon for reliable monitoring)
2026-06-25 01:59:41,008 [INFO] Telegram alert sent successfully!
2026-06-25 01:59:41,009 [INFO] Alert sent: Amazon - Hot Wheels Boulevard BMW M3 1:64 Scale D
2026-06-25 01:59:57,890 [INFO] Telegram alert sent successfully!
2026-06-25 01:59:57,891 [INFO] Alert sent: Amazon - Hot Wheels 1:64 Scale Premium Race Team 
2026-06-25 01:59:58,892 [INFO] Check complete. New alerts: 2
2026-06-25 01:59:58,892 [INFO] Next check in 5 minutes...
2026-06-25 02:05:38,910 [INFO] ============================================================
2026-06-25 02:05:38,910 [INFO] Hotwheels Monitor Started
2026-06-25 02:05:38,911 [INFO] Check interval: 5 minutes
2026-06-25 02:05:38,911 [INFO] Amazon products: 12
2026-06-25 02:05:38,911 [INFO] Blinkit pincodes: 1
2026-06-25 02:05:38,911 [INFO] ============================================================
2026-06-25 02:05:38,911 [INFO] 
--- Check started at 2026-06-25 02:05:38 ---
2026-06-25 02:05:38,911 [INFO] Checking Amazon: Hot Wheels Mazda 787B
2026-06-25 02:05:39,301 [WARNING]   Could not parse price for Hot Wheels Mazda 787B
2026-06-25 02:05:39,301 [INFO] Checking Amazon: Hot Wheels Lotus Emira
2026-06-25 02:05:41,152 [INFO]   Price: ₹999.0, MRP: ₹1999.0, In Stock: True
2026-06-25 02:05:43,719 [INFO] Checking Amazon: LB-ER34 Super Silhouette Nissan Skyline
2026-06-25 02:05:45,426 [INFO]   Price: ₹2299.0, MRP: ₹2999.0, In Stock: True
2026-06-25 02:05:48,698 [INFO] Checking Amazon: Nissan Silvia S15 (Drift Pack of 5)
2026-06-25 02:05:50,605 [INFO]   Price: ₹1490.0, MRP: ₹1999.0, In Stock: True
2026-06-25 02:05:54,219 [INFO] Checking Amazon: Mazda RX-7 FD Fast & Furious Premium
2026-06-25 02:05:54,439 [WARNING]   Could not parse price for Mazda RX-7 FD Fast & Furious Premium
2026-06-25 02:05:54,439 [INFO] Checking Amazon: Hot Wheels Boulevard BMW M3 Gold
2026-06-25 02:05:56,473 [INFO]   Price: ₹1790.0, MRP: ₹2999.0, In Stock: True
2026-06-25 02:05:58,544 [INFO] Checking Amazon: Hot Wheels Euro Speed Bugatti Bolide Premium
2026-06-25 02:06:00,631 [INFO]   Price: ₹1315.0, MRP: ₹4999.0, In Stock: True
2026-06-25 02:06:04,422 [INFO] Checking Amazon: Hot Wheels Premium Race Team Red Bull F1
2026-06-25 02:06:06,500 [INFO]   Price: ₹1895.0, MRP: ₹2999.0, In Stock: True
2026-06-25 02:06:10,325 [INFO] Checking Amazon: Honda S2000 Fast & Furious Race Off 2026
2026-06-25 02:06:10,700 [WARNING]   Could not parse price for Honda S2000 Fast & Furious Race Off 2026
2026-06-25 02:06:10,700 [INFO] Checking Amazon: '85 Mazda RX-7 Fast & Furious Race Off 2026
2026-06-25 02:06:12,661 [INFO]   Price: ₹899.0, MRP: ₹999.0, In Stock: True
2026-06-25 02:06:17,336 [INFO] Checking Amazon: LB-ER34 Super Silhouette Nissan Skyline (Variant)
2026-06-25 02:06:17,831 [WARNING]   Could not parse price for LB-ER34 Super Silhouette Nissan Skyline (Variant)
2026-06-25 02:06:17,832 [INFO] Checking Amazon: Nissan 300GTX IMSA GTS Silhouettes Premium
2026-06-25 02:06:19,868 [INFO]   Price: ₹994.0, MRP: ₹1999.0, In Stock: True
2026-06-25 02:06:24,598 [INFO] Checking Blinkit: 'hotwheels' at pincode 400101
2026-06-25 02:06:25,369 [INFO]   Blinkit: API blocked (use Amazon for reliable monitoring)
2026-06-25 02:06:29,224 [INFO] Checking Blinkit: 'hot wheels' at pincode 400101
2026-06-25 02:06:29,545 [INFO]   Blinkit: API blocked (use Amazon for reliable monitoring)
2026-06-25 02:06:47,794 [INFO] Telegram alert sent successfully!
2026-06-25 02:06:47,795 [INFO] Alert sent: Amazon - Hot Wheels JBK59 Car Culture Silhouette 
2026-06-25 02:07:04,486 [INFO] Telegram alert sent successfully!
2026-06-25 02:07:04,487 [INFO] Alert sent: Amazon - Hot Wheels Euro Speed Bugatti Bolide Pre
2026-06-25 02:07:06,376 [INFO] Telegram alert sent successfully!
2026-06-25 02:07:06,377 [INFO] Alert sent: Amazon - Hot Wheels Fast & Furious Race Off 1:64 
2026-06-25 02:07:23,100 [INFO] Telegram alert sent successfully!
2026-06-25 02:07:23,101 [INFO] Alert sent: Amazon - Hot Wheels Premium Car Culture Collectib
2026-06-25 02:07:24,102 [INFO] Check complete. New alerts: 4
2026-06-25 02:07:24,102 [INFO] Next check in 5 minutes...
2026-06-25 02:15:41,664 [INFO] ============================================================
2026-06-25 02:15:41,664 [INFO] Hotwheels Monitor Started
2026-06-25 02:15:41,664 [INFO] Interval: 5 min
2026-06-25 02:15:41,664 [INFO] Amazon products: 10
2026-06-25 02:15:41,664 [INFO] Shopify sites: 2
2026-06-25 02:15:41,664 [INFO] ============================================================
2026-06-25 02:15:41,665 [INFO] 
--- Check: 2026-06-25 02:15:41 ---
2026-06-25 02:15:41,665 [INFO]   [Amazon]
2026-06-25 02:15:41,665 [INFO]   Amazon: Hot Wheels Mazda 787B
2026-06-25 02:15:41,920 [WARNING]     Could not parse price
2026-06-25 02:15:41,920 [INFO]   Amazon: Hot Wheels Lotus Emira
2026-06-25 02:15:43,871 [INFO]     Price: ₹999.0, MRP: ₹1999.0, Stock: True
2026-06-25 02:15:46,784 [INFO]   Amazon: Honda S2000 Fast & Furious Race Off 2026
2026-06-25 02:15:48,762 [INFO]     Price: ₹899.0, MRP: ₹999.0, Stock: True
2026-06-25 02:15:52,288 [INFO]   Amazon: '85 Mazda RX-7 Fast & Furious Race Off 2026
2026-06-25 02:15:54,229 [INFO]     Price: ₹899.0, MRP: ₹999.0, Stock: True
2026-06-25 02:15:56,788 [INFO]   Amazon: LB-ER34 Super Silhouette Nissan Skyline
2026-06-25 02:15:57,706 [INFO]     Price: ₹1349.0, MRP: ₹2059.0, Stock: True
2026-06-25 02:16:00,409 [INFO]   Amazon: Nissan 300GTX IMSA GTS Silhouettes Premium
2026-06-25 02:16:02,270 [INFO]     Price: ₹994.0, MRP: ₹1999.0, Stock: True
2026-06-25 02:16:04,938 [INFO]   Amazon: Hot Wheels Premium Race Team Red Bull F1
2026-06-25 02:16:07,001 [INFO]     Price: ₹1895.0, MRP: ₹2999.0, Stock: True
2026-06-25 02:16:09,294 [INFO]   Amazon: LB-ER34 Nissan Skyline Car Culture
2026-06-25 02:16:09,564 [WARNING]     Could not parse price
2026-06-25 02:16:09,565 [INFO]   Amazon: Nissan Silvia S15 Drift Pack
2026-06-25 02:16:09,761 [WARNING]     Could not parse price
2026-06-25 02:16:09,761 [INFO]   Amazon: Mazda RX-7 FD Fast & Furious Premium
2026-06-25 02:16:11,875 [INFO]     Price: ₹2939.0, MRP: ₹3999.0, Stock: True
2026-06-25 02:16:14,444 [INFO]   [Indian Stores - Shopify Gateway]
2026-06-25 02:16:14,444 [INFO]   Checking Kinder Logs...
2026-06-25 02:16:30,324 [INFO]     Found 15 deals on Kinder Logs
2026-06-25 02:16:30,324 [INFO]   Checking Zoomsters India...
2026-06-25 02:16:46,448 [INFO]     Found 51 deals on Zoomsters India
2026-06-25 02:17:02,449 [INFO] Telegram alert sent successfully!
2026-06-25 02:17:02,450 [INFO] Alert: Amazon - Hot Wheels Fast & Furious Race Off 1:64 
2026-06-25 02:17:19,343 [INFO] Telegram alert sent successfully!
2026-06-25 02:17:19,344 [INFO] Alert: Amazon - Hot Wheels Premium Car Culture Silhouett
2026-06-25 02:17:36,343 [INFO] Telegram alert sent successfully!
2026-06-25 02:17:36,344 [INFO] Alert: Kinder Logs - Matchbox 2023 Toyota Supra - Yellow (Unc
2026-06-25 02:17:53,388 [INFO] Telegram alert sent successfully!
2026-06-25 02:17:53,388 [INFO] Alert: Kinder Logs - Majorette Toyota GR Supra - White (Uncar
2026-06-25 02:18:10,080 [INFO] Telegram alert sent successfully!
2026-06-25 02:18:10,081 [INFO] Alert: Kinder Logs - Majorette Toyota GR Supra - Gloss Black 
2026-06-25 02:18:26,778 [INFO] Telegram alert sent successfully!
2026-06-25 02:18:26,778 [INFO] Alert: Kinder Logs - Tooned Hot Wheels Nissan Skyline 2000 GT
2026-06-25 02:19:27,411 [INFO] ============================================================
2026-06-25 02:19:27,411 [INFO] Hotwheels Monitor Started
2026-06-25 02:19:27,411 [INFO] Interval: 5 min
2026-06-25 02:19:27,411 [INFO] Amazon products: 10
2026-06-25 02:19:27,411 [INFO] Shopify sites: 2
2026-06-25 02:19:27,411 [INFO] ============================================================
2026-06-25 02:19:27,411 [INFO] 
--- Check: 2026-06-25 02:19:27 ---
2026-06-25 02:19:27,411 [INFO]   [Amazon]
2026-06-25 02:19:27,411 [INFO]   Amazon: Hot Wheels Mazda 787B
2026-06-25 02:19:27,813 [WARNING]     Could not parse price
2026-06-25 02:19:27,813 [INFO]   Amazon: Hot Wheels Lotus Emira
2026-06-25 02:19:29,865 [INFO]     Price: ₹999.0, MRP: ₹1999.0, Stock: True
2026-06-25 02:19:31,952 [INFO]   Amazon: Honda S2000 Fast & Furious Race Off 2026
2026-06-25 02:19:34,047 [INFO]     Price: ₹899.0, MRP: ₹999.0, Stock: True
2026-06-25 02:19:37,220 [INFO]   Amazon: '85 Mazda RX-7 Fast & Furious Race Off 2026
2026-06-25 02:19:37,586 [WARNING]     Could not parse price
2026-06-25 02:19:37,586 [INFO]   Amazon: LB-ER34 Super Silhouette Nissan Skyline
2026-06-25 02:19:39,459 [INFO]     Price: ₹1349.0, MRP: ₹2059.0, Stock: True
2026-06-25 02:19:42,761 [INFO]   Amazon: Nissan 300GTX IMSA GTS Silhouettes Premium
2026-06-25 02:19:43,017 [WARNING]     Could not parse price
2026-06-25 02:19:43,017 [INFO]   Amazon: Hot Wheels Premium Race Team Red Bull F1
2026-06-25 02:19:45,032 [INFO]     Price: ₹1895.0, MRP: ₹2999.0, Stock: True
2026-06-25 02:19:48,243 [INFO]   Amazon: LB-ER34 Nissan Skyline Car Culture
2026-06-25 02:19:50,078 [INFO]     Price: ₹2299.0, MRP: ₹999.0, Stock: True
2026-06-25 02:19:53,524 [INFO]   Amazon: Nissan Silvia S15 Drift Pack
2026-06-25 02:19:55,550 [INFO]     Price: ₹1490.0, MRP: ₹1999.0, Stock: True
2026-06-25 02:19:57,663 [INFO]   Amazon: Mazda RX-7 FD Fast & Furious Premium
2026-06-25 02:19:59,579 [INFO]     Price: ₹2939.0, MRP: ₹3999.0, Stock: True
2026-06-25 02:20:03,099 [INFO]   [Indian Stores - Shopify Gateway]
2026-06-25 02:20:03,099 [INFO]   Checking Kinder Logs...
2026-06-25 02:20:19,491 [INFO]     Found 6 deals on Kinder Logs
2026-06-25 02:20:19,491 [INFO]   Checking Zoomsters India...
2026-06-25 02:20:35,671 [INFO]     No deals under ₹800 from search, trying full catalog...
2026-06-25 02:20:49,774 [INFO]     Found 6 deals on Zoomsters India
2026-06-25 02:21:05,772 [INFO] Telegram alert sent successfully!
2026-06-25 02:21:05,772 [INFO] Alert: Amazon - Hot Wheels Lotus Emira Factory Fresh Age
2026-06-25 02:21:07,437 [INFO] Telegram alert sent successfully!
2026-06-25 02:21:07,437 [INFO] Alert: Amazon - Hot Wheels Fast & Furious Race Off 1:64 
2026-06-25 02:21:09,140 [INFO] Telegram alert sent successfully!
2026-06-25 02:21:09,141 [INFO] Alert: Amazon - Hot Wheels Premium Car Culture Silhouett
2026-06-25 02:21:25,956 [INFO] Telegram alert sent successfully!
2026-06-25 02:21:25,957 [INFO] Alert: Amazon - Hot Wheels 1:64 Scale Premium Race Team 
2026-06-25 02:21:42,701 [INFO] Telegram alert sent successfully!
2026-06-25 02:21:42,701 [INFO] Alert: Amazon - Hot Wheels Car 2024 HW Drift Pack of 5 (
2026-06-25 02:21:59,559 [INFO] Telegram alert sent successfully!
2026-06-25 02:21:59,559 [INFO] Alert: Amazon - Hot Wheels Premium Toy Car, 1:64 Scale D
2026-06-25 02:22:16,399 [INFO] Telegram alert sent successfully!
2026-06-25 02:22:16,400 [INFO] Alert: Kinder Logs - Hot Wheels Nissan Maxima Drift Car (Impo
2026-06-25 02:22:33,143 [INFO] Telegram alert sent successfully!
2026-06-25 02:22:33,144 [INFO] Alert: Kinder Logs - Hot Wheels Mazda Autozam - Beige (Import
2026-06-25 02:22:49,904 [INFO] Telegram alert sent successfully!
2026-06-25 02:22:49,905 [INFO] Alert: Kinder Logs - Hot Wheels Toyota GR86 Cup - Orange (Imp
2026-06-25 02:23:06,629 [INFO] Telegram alert sent successfully!
2026-06-25 02:23:06,630 [INFO] Alert: Kinder Logs - Hot Wheels 1990 Honda Civic EF - Green (
2026-06-25 02:23:23,523 [INFO] Telegram alert sent successfully!
2026-06-25 02:23:23,524 [INFO] Alert: Kinder Logs - Hot Wheels Honda CB750 Cafe - Blue (Impo
2026-06-25 02:23:40,473 [INFO] Telegram alert sent successfully!
2026-06-25 02:23:40,473 [INFO] Alert: Kinder Logs - Hot Wheels Subaru BRZ - Blue (Imported)
2026-06-25 02:23:41,474 [INFO] Done. New alerts: 12
2026-06-25 02:23:41,474 [INFO] Next check in 5 min...
2026-06-25 02:32:30,311 [INFO] ============================================================
2026-06-25 02:32:30,311 [INFO] Hotwheels Monitor Started
2026-06-25 02:32:30,311 [INFO] Interval: 5 min
2026-06-25 02:32:30,311 [INFO] Amazon products: 5
2026-06-25 02:32:30,311 [INFO] Shopify sites: 2
2026-06-25 02:32:30,311 [INFO] ============================================================
2026-06-25 02:32:30,312 [INFO] 
--- Check: 2026-06-25 02:32:30 ---
2026-06-25 02:32:30,312 [INFO]   [Amazon]
2026-06-25 02:32:30,312 [INFO]   Amazon: Hot Wheels Mazda 787B
2026-06-25 02:32:32,379 [INFO]     Price: ₹792.0, MRP: ₹1099.0, Stock: True
2026-06-25 02:32:35,482 [INFO]   Amazon: Hot Wheels Lotus Emira
2026-06-25 02:32:37,650 [INFO]     Price: ₹999.0, MRP: ₹1999.0, Stock: True
2026-06-25 02:32:39,989 [INFO]   Amazon: Honda S2000 Fast & Furious Race Off 2026
2026-06-25 02:32:41,356 [INFO]     Price: ₹899.0, MRP: ₹999.0, Stock: True
2026-06-25 02:32:43,492 [INFO]   Amazon: '85 Mazda RX-7 Fast & Furious Race Off 2026
2026-06-25 02:32:45,434 [INFO]     Price: ₹899.0, MRP: ₹999.0, Stock: True
2026-06-25 02:32:47,443 [INFO]   Amazon: LB-ER34 Super Silhouette Nissan Skyline
2026-06-25 02:32:49,459 [INFO]     Price: ₹1349.0, MRP: ₹2059.0, Stock: True
2026-06-25 02:32:53,018 [INFO]   [Indian Stores - Shopify Gateway]
2026-06-25 02:32:53,018 [INFO]   Checking Kinder Logs...
2026-06-25 02:33:18,133 [INFO]     Found 10 deals on Kinder Logs
2026-06-25 02:33:18,134 [INFO]   Checking Zoomsters India...
2026-06-25 02:33:42,505 [INFO]     No deals under ₹800 from search, trying full catalog...
2026-06-25 02:33:55,712 [INFO]     Found 10 deals on Zoomsters India
2026-06-25 02:34:11,492 [INFO] Telegram alert sent successfully!
2026-06-25 02:34:11,493 [INFO] Alert: Amazon - Hot Wheels 2025 Mazda 787B Peak Pursuit 
2026-06-25 02:34:28,347 [INFO] Telegram alert sent successfully!
2026-06-25 02:34:28,348 [INFO] Alert: Amazon - Hot Wheels Fast & Furious Race Off 1:64 
2026-06-25 11:25:53,071 [INFO] ============================================================
2026-06-25 11:25:53,072 [INFO] Hotwheels Monitor Started
2026-06-25 11:25:53,072 [INFO] Interval: 5 min
2026-06-25 11:25:53,072 [INFO] Amazon products: 5
2026-06-25 11:25:53,072 [INFO] Shopify sites: 2
2026-06-25 11:25:53,072 [INFO] ============================================================
2026-06-25 11:25:53,072 [INFO] 
--- Check: 2026-06-25 11:25:53 ---
2026-06-25 11:25:53,073 [INFO]   [Amazon]
2026-06-25 11:25:53,073 [INFO]   Amazon: Hot Wheels Mazda 787B
2026-06-25 11:25:54,388 [WARNING]     Could not parse price
2026-06-25 11:25:54,389 [INFO]   Amazon: Hot Wheels Lotus Emira
2026-06-25 11:25:56,426 [INFO]     Price: ₹999.0, MRP: ₹1999.0, Stock: True
2026-06-25 11:26:00,042 [INFO]   Amazon: Honda S2000 Fast & Furious Race Off 2026
2026-06-25 11:26:00,357 [WARNING]     Could not parse price
2026-06-25 11:26:00,357 [INFO]   Amazon: '85 Mazda RX-7 Fast & Furious Race Off 2026
2026-06-25 11:26:02,272 [INFO]     Price: ₹899.0, MRP: ₹999.0, Stock: True
2026-06-25 11:26:05,598 [INFO]   Amazon: LB-ER34 Super Silhouette Nissan Skyline
2026-06-25 11:26:05,856 [WARNING]     Could not parse price
2026-06-25 11:26:05,857 [INFO]   [Indian Stores - Shopify Gateway]
2026-06-25 11:26:05,857 [INFO]   Checking Kinder Logs...
2026-06-25 11:26:30,056 [INFO]     Found 10 deals on Kinder Logs
2026-06-25 11:26:30,056 [INFO]   Checking Zoomsters India...
2026-06-25 11:26:54,065 [INFO]     No deals under ₹800 from search, trying full catalog...
2026-06-25 11:27:07,317 [INFO]     Found 10 deals on Zoomsters India
2026-06-25 11:27:08,043 [INFO] Telegram alert sent successfully!
2026-06-25 11:27:08,045 [INFO] Alert: Amazon - Hot Wheels Fast & Furious Race Off 1:64 
2026-06-25 11:27:09,782 [INFO] Telegram alert sent successfully!
2026-06-25 11:27:09,784 [INFO] Alert: Kinder Logs - Hot Wheels McLaren Solus GT - Orange
2026-06-25 11:27:11,560 [INFO] Telegram alert sent successfully!
2026-06-25 11:27:11,561 [INFO] Alert: Kinder Logs - Hot Wheels 1976 Greenwood Corvette - Mil
2026-06-25 11:27:14,099 [INFO] Telegram alert sent successfully!
2026-06-25 11:27:14,100 [INFO] Alert: Kinder Logs - Hot Wheels 1984 Ford Mustang SVO (Black)
2026-06-25 11:27:15,765 [INFO] Telegram alert sent successfully!
2026-06-25 11:27:15,766 [INFO] Alert: Kinder Logs - Hot Wheels 1984 Ford Mustang SVO (Purple
2026-06-25 11:27:17,461 [INFO] Telegram alert sent successfully!
2026-06-25 11:27:17,462 [INFO] Alert: Kinder Logs - Tooned Hot Wheels Nissan Skyline 2000 GT
2026-06-25 11:27:19,199 [INFO] Telegram alert sent successfully!
2026-06-25 11:27:19,200 [INFO] Alert: Kinder Logs - Tooned Hot Wheels Nissan Skyline 2000 GT
2026-06-25 11:27:21,013 [INFO] Telegram alert sent successfully!
2026-06-25 11:27:21,017 [INFO] Alert: Kinder Logs - Hot Wheels 1989 Mazda Savanna RX7 (Orang
2026-06-25 11:27:22,751 [INFO] Telegram alert sent successfully!
2026-06-25 11:27:22,754 [INFO] Alert: Kinder Logs - Hot Wheels 1989 Mazda Savanna RX7 (Red)
2026-06-25 11:27:24,465 [INFO] Telegram alert sent successfully!
2026-06-25 11:27:24,466 [INFO] Alert: Kinder Logs - Hot Wheels 1989 Mazda Savanna RX7 FC3S -
2026-06-25 11:27:26,223 [INFO] Telegram alert sent successfully!
2026-06-25 11:27:26,224 [INFO] Alert: Kinder Logs - Hot Wheels 2018 Honda Civic Type R - Red
2026-06-25 11:27:27,226 [INFO] Done. New alerts: 11
2026-06-25 11:27:27,226 [INFO] Next check in 5 min...
2026-06-25 11:32:27,226 [INFO] 
--- Check: 2026-06-25 11:32:27 ---
2026-06-25 11:32:27,227 [INFO]   [Amazon]
2026-06-25 11:32:27,227 [INFO]   Amazon: Hot Wheels Mazda 787B
2026-06-25 11:32:27,476 [WARNING]     Could not parse price
2026-06-25 11:32:27,477 [INFO]   Amazon: Hot Wheels Lotus Emira
2026-06-25 11:32:29,540 [INFO]     Price: ₹999.0, MRP: ₹1999.0, Stock: True
2026-06-25 11:32:33,135 [INFO]   Amazon: Honda S2000 Fast & Furious Race Off 2026
2026-06-25 11:32:33,377 [WARNING]     Could not parse price
2026-06-25 11:32:33,378 [INFO]   Amazon: '85 Mazda RX-7 Fast & Furious Race Off 2026
2026-06-25 11:32:35,294 [INFO]     Price: ₹899.0, MRP: ₹999.0, Stock: True
2026-06-25 11:32:39,096 [INFO]   Amazon: LB-ER34 Super Silhouette Nissan Skyline
2026-06-25 11:32:39,371 [WARNING]     Could not parse price
2026-06-25 11:32:39,372 [INFO]   [Indian Stores - Shopify Gateway]
2026-06-25 11:32:39,372 [INFO]   Checking Kinder Logs...
2026-06-25 11:33:03,188 [INFO]     No new deals under ₹800
2026-06-25 11:33:03,188 [INFO]   Checking Zoomsters India...
2026-06-25 11:33:26,815 [INFO]     No deals under ₹800 from search, trying full catalog...
2026-06-25 11:33:39,196 [INFO]     No new deals under ₹800
2026-06-25 11:33:39,198 [INFO] Done. New alerts: 0
2026-06-25 11:33:39,198 [INFO] Next check in 5 min...
2026-06-25 11:34:18,975 [INFO] ============================================================
2026-06-25 11:34:18,975 [INFO] Hotwheels Monitor Started
2026-06-25 11:34:18,975 [INFO] Interval: 5 min
2026-06-25 11:34:18,975 [INFO] Amazon products: 9
2026-06-25 11:34:18,975 [INFO] Shopify sites: 2
2026-06-25 11:34:18,975 [INFO] ============================================================
2026-06-25 11:34:18,975 [INFO] 
--- Check: 2026-06-25 11:34:18 ---
2026-06-25 11:34:18,975 [INFO]   [Amazon]
2026-06-25 11:34:18,975 [INFO]   Amazon: Hot Wheels Mazda 787B Peak Pursuit
2026-06-25 11:34:21,229 [INFO]     Price: ₹790.0, MRP: ₹999.0, Stock: True
2026-06-25 11:34:25,036 [INFO]   Amazon: Hot Wheels Lotus Emira Factory Fresh
2026-06-25 11:34:27,275 [INFO]     Price: ₹999.0, MRP: ₹1999.0, Stock: True
2026-06-25 11:34:30,248 [INFO]   Amazon: Honda S2000 Fast & Furious Race Off 2026
2026-06-25 11:34:32,352 [INFO]     Price: ₹899.0, MRP: ₹999.0, Stock: True
2026-06-25 11:34:35,099 [INFO]   Amazon: '85 Mazda RX-7 Fast & Furious Race Off 2026
2026-06-25 11:34:35,333 [WARNING]     Could not parse price
2026-06-25 11:34:35,334 [INFO]   Amazon: LB-ER34 Super Silhouette Nissan Skyline
2026-06-25 11:34:37,362 [INFO]     Price: ₹1349.0, MRP: ₹2059.0, Stock: True
2026-06-25 11:34:39,453 [INFO]   Amazon: Hot Wheels Koenigsegg CC850 Boulevard
2026-06-25 11:34:41,484 [INFO]     Price: ₹1399.0, MRP: ₹1499.0, Stock: True
2026-06-25 11:34:44,916 [INFO]   Amazon: Hot Wheels Mazda MX-5 Miata HW J Imports
2026-06-25 11:34:46,969 [INFO]     Price: ₹398.0, MRP: ₹1999.0, Stock: True
2026-06-25 11:34:50,598 [INFO]   Amazon: Hot Wheels Jaguar MK1 Race Day
2026-06-25 11:34:50,819 [WARNING]     Could not parse price
2026-06-25 11:34:50,822 [INFO]   Amazon: Hot Wheels Carbonator Happy New Year 2026 Experimotors
2026-06-25 11:34:51,035 [WARNING]     Could not parse price
2026-06-25 11:34:51,035 [INFO]   [Indian Stores - Shopify Gateway]
2026-06-25 11:34:51,035 [INFO]   Checking Kinder Logs...
2026-06-25 11:35:14,825 [INFO]     No new deals under ₹800
2026-06-25 11:35:14,825 [INFO]   Checking Zoomsters India...
2026-06-25 11:35:38,590 [INFO]     No deals under ₹800 from search, trying full catalog...
2026-06-25 11:35:51,257 [INFO]     No new deals under ₹800
2026-06-25 11:35:51,992 [INFO] Telegram alert sent successfully!
2026-06-25 11:35:51,993 [INFO] Alert: Amazon - Hot Wheels 2025 Mazda 787B Peak Pursuit 
2026-06-25 11:35:53,709 [INFO] Telegram alert sent successfully!
2026-06-25 11:35:53,709 [INFO] Alert: Amazon - Hot Wheels Koenigsegg CC850 Boulevard™ V
2026-06-25 11:35:55,519 [INFO] Telegram alert sent successfully!
2026-06-25 11:35:55,520 [INFO] Alert: Amazon - Hot Wheels 15 Mazda MX 5 Miata HW J Impo
2026-06-25 11:35:56,521 [INFO] Done. New alerts: 3
2026-06-25 11:35:56,521 [INFO] Next check in 5 min...
2026-06-25 11:38:05,792 [INFO] ============================================================
2026-06-25 11:38:05,792 [INFO] Hotwheels Monitor Started
2026-06-25 11:38:05,792 [INFO] Interval: 5 min
2026-06-25 11:38:05,792 [INFO] Amazon products: 9
2026-06-25 11:38:05,792 [INFO] Shopify sites: 2
2026-06-25 11:38:05,792 [INFO] ============================================================
2026-06-25 11:38:16,626 [INFO] ============================================================
2026-06-25 11:38:16,626 [INFO] Hotwheels Monitor Started
2026-06-25 11:38:16,626 [INFO] Interval: 5 min
2026-06-25 11:38:16,626 [INFO] Amazon products: 9
2026-06-25 11:38:16,626 [INFO] Shopify sites: 2
2026-06-25 11:38:16,626 [INFO] ============================================================
2026-06-25 11:38:16,626 [INFO] 
--- Check: 2026-06-25 11:38:16 ---
2026-06-25 11:38:16,627 [INFO]   [Amazon]
2026-06-25 11:38:16,627 [INFO]   Amazon: Hot Wheels Mazda 787B Peak Pursuit
2026-06-25 11:38:18,684 [INFO]     Price: ₹790.0, MRP: ₹999.0, Stock: True
2026-06-25 11:38:22,073 [INFO]   Amazon: Hot Wheels Lotus Emira Factory Fresh
2026-06-25 11:38:24,333 [INFO]     Price: ₹999.0, MRP: ₹1999.0, Stock: True
2026-06-25 11:38:27,333 [INFO]   Amazon: Honda S2000 Fast & Furious Race Off 2026
2026-06-25 11:38:29,488 [INFO]     Price: ₹899.0, MRP: ₹999.0, Stock: True
2026-06-25 11:38:32,751 [INFO]   Amazon: '85 Mazda RX-7 Fast & Furious Race Off 2026
2026-06-25 11:38:34,831 [INFO]     Price: ₹899.0, MRP: ₹999.0, Stock: True
2026-06-25 11:38:37,321 [INFO]   Amazon: LB-ER34 Super Silhouette Nissan Skyline
2026-06-25 11:38:37,996 [WARNING]     Could not parse price
2026-06-25 11:38:37,996 [INFO]   Amazon: Hot Wheels Koenigsegg CC850 Boulevard
2026-06-25 11:38:39,200 [INFO] 
--- Check: 2026-06-25 11:38:39 ---
2026-06-25 11:38:39,201 [INFO]   [Amazon]
2026-06-25 11:38:39,201 [INFO]   Amazon: Hot Wheels Mazda 787B
2026-06-25 11:38:39,978 [INFO]     Price: ₹1399.0, MRP: ₹1499.0, Stock: True
2026-06-25 11:38:41,690 [INFO]     Price: ₹790.0, MRP: ₹999.0, Stock: True
2026-06-25 11:38:42,756 [INFO]   Amazon: Hot Wheels Mazda MX-5 Miata HW J Imports
2026-06-25 11:38:43,719 [INFO]   Amazon: Hot Wheels Lotus Emira
2026-06-25 11:38:44,016 [WARNING]     Could not parse price
2026-06-25 11:38:44,017 [INFO]   Amazon: Honda S2000 Fast & Furious Race Off 2026
2026-06-25 11:38:44,561 [INFO]     Price: ₹398.0, MRP: ₹1999.0, Stock: True
2026-06-25 11:38:45,921 [INFO]     Price: ₹899.0, MRP: ₹999.0, Stock: True
2026-06-25 11:38:47,306 [INFO]   Amazon: Hot Wheels Jaguar MK1 Race Day
2026-06-25 11:38:48,995 [INFO]   Amazon: '85 Mazda RX-7 Fast & Furious Race Off 2026
2026-06-25 11:38:49,333 [WARNING]     Could not parse price
2026-06-25 11:38:49,341 [INFO]   Amazon: LB-ER34 Super Silhouette Nissan Skyline
2026-06-25 11:38:49,632 [INFO]     Price: ₹549.0, MRP: ₹799.0, Stock: True
2026-06-25 11:38:51,232 [INFO]     Price: ₹1349.0, MRP: ₹2059.0, Stock: True
2026-06-25 11:38:53,523 [INFO]   Amazon: Hot Wheels Carbonator Happy New Year 2026 Experimotors
2026-06-25 11:38:54,705 [INFO]     Price: ₹999.0, MRP: ₹None, Stock: True
2026-06-25 11:38:55,030 [INFO]   [Indian Stores - Shopify Gateway]
2026-06-25 11:38:55,030 [INFO]   Checking Kinder Logs...
2026-06-25 11:38:58,648 [INFO]   [Indian Stores - Shopify Gateway]
2026-06-25 11:38:58,648 [INFO]   Checking Kinder Logs...
2026-06-25 11:39:18,731 [INFO]     No new deals under ₹800
2026-06-25 11:39:18,732 [INFO]   Checking Zoomsters India...
2026-06-25 11:39:20,703 [INFO]     Found 9 deals on Kinder Logs
2026-06-25 11:39:20,706 [INFO]   Checking Zoomsters India...
2026-06-25 11:39:42,426 [INFO]     No deals under ₹800 from search, trying full catalog...
2026-06-25 11:39:42,994 [INFO]     No deals under ₹800 from search, trying full catalog...
2026-06-25 11:39:55,193 [INFO]     Found 9 deals on Zoomsters India
2026-06-25 11:39:55,932 [INFO] Telegram alert sent successfully!
2026-06-25 11:39:55,934 [INFO] Alert: Amazon - Hot Wheels 2025 Mazda 787B Peak Pursuit 
2026-06-25 11:39:57,673 [INFO] Telegram alert sent successfully!
2026-06-25 11:39:57,674 [INFO] Alert: Amazon - Hot Wheels Lotus Emira Factory Fresh Age
2026-06-25 11:39:59,466 [INFO] Telegram alert sent successfully!
2026-06-25 11:39:59,468 [INFO] Alert: Amazon - Hot Wheels Fast & Furious Race Off 1:64 
2026-06-25 11:40:01,213 [INFO] Telegram alert sent successfully!
2026-06-25 11:40:01,214 [INFO] Alert: Amazon - Hot Wheels Fast & Furious Race Off 1:64 
2026-06-25 11:40:02,972 [INFO] Telegram alert sent successfully!
2026-06-25 11:40:02,973 [INFO] Alert: Amazon - Hot Wheels 15 Mazda MX 5 Miata HW J Impo
2026-06-25 11:40:04,765 [INFO] Telegram alert sent successfully!
2026-06-25 11:40:04,765 [INFO] Alert: Amazon - Hot Wheels Jaguar MK1 Race Day for Ages 
2026-06-25 11:40:06,520 [INFO] Telegram alert sent successfully!
2026-06-25 11:40:06,521 [INFO] Alert: Kinder Logs - Hot Wheels McLaren Solus GT - Orange
2026-06-25 11:40:08,321 [INFO] Telegram alert sent successfully!
2026-06-25 11:40:08,322 [INFO] Alert: Kinder Logs - Hot Wheels 1976 Greenwood Corvette - Mil
2026-06-25 11:40:10,153 [INFO] Telegram alert sent successfully!
2026-06-25 11:40:10,155 [INFO] Alert: Kinder Logs - Hot Wheels 1984 Ford Mustang SVO (Black)
2026-06-25 11:40:11,924 [INFO] Telegram alert sent successfully!
2026-06-25 11:40:11,926 [INFO] Alert: Kinder Logs - Hot Wheels 1984 Ford Mustang SVO (Purple
2026-06-25 11:40:13,652 [INFO] Telegram alert sent successfully!
2026-06-25 11:40:13,654 [INFO] Alert: Kinder Logs - Hot Wheels 1989 Mazda Savanna RX7 (Orang
2026-06-25 11:40:15,431 [INFO] Telegram alert sent successfully!
2026-06-25 11:40:15,432 [INFO] Alert: Kinder Logs - Hot Wheels 1989 Mazda Savanna RX7 (Red)
2026-06-25 11:40:17,235 [INFO] Telegram alert sent successfully!
2026-06-25 11:40:17,237 [INFO] Alert: Kinder Logs - Hot Wheels 1989 Mazda Savanna RX7 FC3S -
2026-06-25 11:40:18,950 [INFO] Telegram alert sent successfully!
2026-06-25 11:40:18,951 [INFO] Alert: Kinder Logs - Hot Wheels 1990 Honda Civic EF - Green (
2026-06-25 11:40:20,690 [INFO] Telegram alert sent successfully!
2026-06-25 11:40:20,691 [INFO] Alert: Kinder Logs - Hot Wheels 2018 Honda Civic Type R - Red
2026-06-25 11:40:21,693 [INFO] Done. New alerts: 15
2026-06-25 11:40:21,695 [INFO] Next check in 5 min...
2026-06-25 11:48:53,260 [INFO] ============================================================
2026-06-25 11:48:53,260 [INFO] Hotwheels Monitor Started
2026-06-25 11:48:53,262 [INFO] Interval: 5 min
2026-06-25 11:48:53,263 [INFO] Amazon products: 8
2026-06-25 11:48:53,263 [INFO] Shopify sites: 2
2026-06-25 11:48:53,263 [INFO] ============================================================
2026-06-25 11:48:53,266 [INFO] 
--- Check: 2026-06-25 11:48:53 ---
2026-06-25 11:48:53,266 [INFO]   [Amazon]
2026-06-25 11:48:53,267 [INFO]   Amazon: Hot Wheels Lotus Emira Factory Fresh
2026-06-25 11:48:55,166 [INFO]     Price: ₹999.0, MRP: ₹1999.0, Stock: True
2026-06-25 11:48:58,814 [INFO]   Amazon: Honda S2000 Fast & Furious Race Off 2026
2026-06-25 11:49:00,394 [INFO] Stopped.
2026-06-25 11:54:41,858 [INFO] ============================================================
2026-06-25 11:54:41,859 [INFO] Hotwheels Monitor Started
2026-06-25 11:54:41,859 [INFO] Interval: 5 min
2026-06-25 11:54:41,859 [INFO] Amazon products: 4
2026-06-25 11:54:41,859 [INFO] Shopify sites: 2
2026-06-25 11:54:41,859 [INFO] ============================================================
2026-06-25 11:54:41,859 [INFO] 
--- Check: 2026-06-25 11:54:41 ---
2026-06-25 11:54:41,859 [INFO]   [Amazon]
2026-06-25 11:54:41,859 [INFO]   Amazon: Hot Wheels Lotus Emira Factory Fresh
2026-06-25 11:54:43,777 [INFO]     Price: ₹999.0, MRP: ₹1999.0, Stock: True
2026-06-25 11:54:47,433 [INFO]   Amazon: Honda S2000 Fast & Furious Race Off 2026
2026-06-25 11:54:49,290 [INFO]     Price: ₹899.0, MRP: ₹999.0, Stock: True
2026-06-25 11:54:53,189 [INFO]   Amazon: '85 Mazda RX-7 Fast & Furious Race Off 2026
2026-06-25 11:54:54,983 [INFO]     Price: ₹899.0, MRP: ₹999.0, Stock: True
2026-06-25 11:54:58,051 [INFO]   Amazon: Hot Wheels Mazda MX-5 Miata HW J Imports
2026-06-25 11:54:59,796 [INFO]     Price: ₹398.0, MRP: ₹1999.0, Stock: True
2026-06-25 11:55:03,057 [INFO]   [Indian Stores - Shopify Gateway]
2026-06-25 11:55:03,057 [INFO]   Checking Kinder Logs...
2026-06-25 11:55:25,829 [INFO]     No new deals under ₹800
2026-06-25 11:55:25,833 [INFO]   Checking Zoomsters India...
2026-06-25 11:55:48,369 [INFO]     No deals under ₹800 from search, trying full catalog...
2026-06-25 11:55:59,592 [INFO]     No new deals under ₹800
2026-06-25 11:55:59,594 [INFO] Done. New alerts: 0
2026-06-25 11:55:59,594 [INFO] Next check in 5 min...
2026-06-25 11:58:33,010 [INFO] ============================================================
2026-06-25 11:58:33,010 [INFO] Hotwheels Monitor Started
2026-06-25 11:58:33,010 [INFO] Interval: 5 min
2026-06-25 11:58:33,010 [INFO] Amazon products: 3
2026-06-25 11:58:33,010 [INFO] Shopify sites: 2
2026-06-25 11:58:33,010 [INFO] ============================================================
2026-06-25 11:58:33,010 [INFO] 
--- Check: 2026-06-25 11:58:33 ---
2026-06-25 11:58:33,010 [INFO]   [Amazon - Direct Products]
2026-06-25 11:58:33,010 [INFO]   Amazon: Hot Wheels Lotus Emira Factory Fresh
2026-06-25 11:58:34,853 [INFO]     Price: ₹999.0, MRP: ₹1999.0, Stock: True
2026-06-25 11:58:38,266 [INFO]   Amazon: Honda S2000 Fast & Furious Race Off 2026
2026-06-25 11:58:40,143 [INFO]     Price: ₹899.0, MRP: ₹999.0, Stock: True
2026-06-25 11:58:42,707 [INFO]   Amazon: '85 Mazda RX-7 Fast & Furious Race Off 2026
2026-06-25 11:58:44,534 [INFO]     Price: ₹899.0, MRP: ₹999.0, Stock: True
2026-06-25 11:58:46,885 [INFO]   [Amazon - Search]
2026-06-25 11:58:46,885 [INFO]   Amazon search: hot wheels car culture
2026-06-25 11:58:53,310 [INFO]     Hot Wheels Premium Car Culture Collectible Toy Car: ₹935.0, MRP: ₹1999.0
2026-06-25 11:58:57,980 [INFO]     Hot Wheels Premium Car Culture Collectible Toy Car: ₹1320.0, MRP: ₹1999.0
2026-06-25 11:59:03,382 [INFO]     Hot Wheels Premium Car Culture Collectible Toy Car: ₹899.0, MRP: ₹1999.0
2026-06-25 11:59:07,587 [INFO]   Amazon search: hot wheels boulevard
2026-06-25 11:59:07,759 [ERROR] Amazon fetch error: 503 Server Error: Service Unavailable for url: https://www.amazon.in/s?k=hot%20wheels%20boulevard
2026-06-25 11:59:11,645 [INFO]   Amazon search: hot wheels silhouettes
2026-06-25 11:59:17,622 [INFO]     Hot Wheels Premium Car Culture Collectible Toy Car: ₹994.0, MRP: ₹1999.0
2026-06-25 11:59:23,214 [INFO]     Hot Wheels Premium Car Culture Silhouettes Mazda R: ₹1349.0, MRP: ₹2059.0
2026-06-25 11:59:28,731 [INFO]     Hot Wheels® Color Shifters™ Science Lab with 1:64 : ₹1144.0, MRP: ₹2499.0
2026-06-25 11:59:33,746 [INFO]   Amazon search: hot wheels fast and furious
2026-06-25 11:59:39,756 [INFO]     Hot Wheels 2025 Fast & Furious Pack of 5 (70 Dodge: ₹1320.0, MRP: ₹1999.0
2026-06-25 11:59:44,829 [INFO]     Hot Wheels Toy Car, Fast & Furious Nissan Silvia S: ₹526.0, MRP: ₹999.0
2026-06-25 11:59:48,583 [INFO]     Hot Wheels Toy Car, Fast & Furious 70 Road Runner : ₹517.0, MRP: ₹999.0
2026-06-25 11:59:53,634 [INFO]   Amazon search: hot wheels premium
2026-06-25 11:59:58,978 [INFO]     Hot Wheels Premium Car Culture Collectible Toy Car: ₹935.0, MRP: ₹1999.0
2026-06-25 12:00:03,916 [INFO]     Hot Wheels 1:64 Scale 5-Pack Formula 1 Die-Cast To: ₹899.0, MRP: ₹3999.0
2026-06-25 12:00:08,621 [INFO]     Hot Wheels Toy Van, Premium Mattel 80th Volkswagen: ₹399.0, MRP: ₹549.0
2026-06-25 12:00:12,355 [INFO]   Amazon search: hot wheels treasure hunt
2026-06-25 12:00:19,583 [INFO]     Hot Wheels 2 Jet Z 4/5 (Gold) Treassure Hunt: ₹539.0, MRP: ₹1499.0
2026-06-25 12:00:23,618 [INFO]     Hot Wheels - Triumph TR6 Treasure Hunt - Track Cha: ₹799.0, MRP: ₹1299.0
2026-06-25 12:00:28,105 [INFO]     Hot Wheels - 1966 Triumph Tiger 100 - HW Moto 5/5 : ₹599.0, MRP: ₹999.0
2026-06-25 12:00:33,249 [INFO]   Amazon search: hot wheels zamac
2026-06-25 12:00:40,125 [INFO]     Hot Wheels ZAMAC Multipack: ₹1999.0, MRP: ₹459900.0
2026-06-25 12:00:44,967 [INFO]     Hot Wheels Zamac Subaru WRX STI, HW Speed Graphics: ₹999.0, MRP: ₹499.0
2026-06-25 12:00:49,551 [INFO]     Hot Wheels® Color Shifters™ Science Lab with 1:64 : ₹1144.0, MRP: ₹2499.0
2026-06-25 12:00:54,667 [INFO]   Amazon search: hot wheels liberty walk
2026-06-25 12:01:01,839 [INFO]     Hot Wheels La Liebre HW Dream Garage Ages 3 and Up: ₹288.0, MRP: ₹999.0
2026-06-25 12:01:06,945 [INFO]     Hot Wheels® Color Shifters™ Science Lab with 1:64 : ₹1144.0, MRP: ₹2499.0
2026-06-25 12:01:12,342 [INFO]     Hot Wheels Gordon Murray Automoive T.33 Exoticars : ₹330.0, MRP: ₹999.0
2026-06-25 12:01:16,392 [INFO]   Amazon search: hot wheels nissan
2026-06-25 12:01:21,935 [INFO]     Hot Wheels Toy Car, Fast & Furious Nissan Silvia S: ₹526.0, MRP: ₹999.0
2026-06-25 12:01:26,995 [INFO]     Hot Wheels Nissan Skyline 2000 GT-R HW J-Imports A: ₹419.0, MRP: ₹999.0
2026-06-25 12:01:32,142 [INFO]     Hot Wheels 2023 Nissan Z Then and Now Ages 3 and U: ₹399.0, MRP: ₹999.0
2026-06-25 12:01:37,700 [INFO]   Amazon search: hot wheels porsche
2026-06-25 12:01:43,559 [INFO]     Hot Wheels 1983 Porsche 928S HW Euro Ages 3 and Up: ₹379.0, MRP: ₹999.0
2026-06-25 12:01:49,247 [INFO]     Hot Wheels Porsche Taycan Turbo S HW EV Ages 3 and: ₹628.0, MRP: ₹999.0
2026-06-25 12:01:53,542 [INFO]     Hot Wheels Porsche 911 Carrera T Factory Fresh 1/5: ₹899.0, MRP: ₹1999.0
2026-06-25 12:01:57,416 [INFO]   Amazon search: hot wheels ferrari
2026-06-25 12:02:03,546 [INFO]     Hot Wheels Ferrari SF90 Stradale Ferrari Ages 3 an: ₹880.0, MRP: ₹999.0
2026-06-25 12:02:09,052 [INFO]     Hot Wheels Dino 206 GT Ferrari Ages 3 and Up 150/2: ₹618.0, MRP: ₹999.0
2026-06-25 12:02:13,977 [INFO]     Hot Wheels Gordon Murray Automoive T.33 Exoticars : ₹330.0, MRP: ₹999.0
2026-06-25 12:02:19,345 [INFO]   Amazon search: hot wheels lamborghini
2026-06-25 12:02:22,694 [INFO]   Amazon search: hot wheels mclaren
2026-06-25 12:02:25,792 [INFO]   Amazon search: hot wheels honda
2026-06-25 12:02:31,768 [INFO]   Amazon search: hot wheels mazda
2026-06-25 12:02:35,593 [INFO]   Amazon search: hot wheels toyota
2026-06-25 12:02:40,132 [INFO]   Amazon search: hot wheels subaru
2026-06-25 12:02:45,337 [INFO]   Amazon search: hot wheels mitsubishi
2026-06-25 12:02:50,267 [INFO]   Amazon search: hot wheels alfa romeo
2026-06-25 12:02:55,129 [INFO]   Amazon search: hot wheels koenigsegg
2026-06-25 12:02:59,149 [INFO]   Amazon search: hot wheels pagani
2026-06-25 12:03:05,264 [INFO]     Hot Wheels Pagani Zonda Cinque Exoticars Ages 3 an: ₹279.0, MRP: ₹999.0
2026-06-25 12:03:10,682 [INFO]     Hot Wheels Pagani Zonda Cinque 4/10 (Orange): ₹279.0, MRP: ₹999.0
2026-06-25 12:03:16,161 [INFO]     Hot Wheels 2025 Pagani Utopia Peak Pursuit Ages 3 : ₹879.0, MRP: ₹1999.0
2026-06-25 12:03:21,196 [INFO]   Amazon search: hot wheels aston martin
2026-06-25 12:03:28,041 [INFO]     Hot Wheels 2024 Aston Martin Vantage GT3 Exoticars: ₹744.0, MRP: ₹999.0
2026-06-25 12:03:32,261 [INFO]     Hot Wheels Euro Speed Aston Martin Vantage GTE Pre: ₹945.0, MRP: ₹1999.0
2026-06-25 12:06:55,163 [INFO] ============================================================
2026-06-25 12:06:55,163 [INFO] Hotwheels Monitor Started
2026-06-25 12:06:55,163 [INFO] Interval: 5 min
2026-06-25 12:06:55,163 [INFO] Amazon products: 3
2026-06-25 12:06:55,163 [INFO] Shopify sites: 2
2026-06-25 12:06:55,163 [INFO] ============================================================
2026-06-25 12:06:55,164 [INFO] 
--- Check: 2026-06-25 12:06:55 ---
2026-06-25 12:06:55,164 [INFO]   [Amazon - Direct Products]
2026-06-25 12:06:55,164 [INFO]   Amazon: Hot Wheels Lotus Emira Factory Fresh
2026-06-25 12:06:56,991 [INFO]     Price: ₹999.0, MRP: ₹1999.0, Stock: True
2026-06-25 12:06:59,723 [INFO]   Amazon: Honda S2000 Fast & Furious Race Off 2026
2026-06-25 12:07:01,680 [INFO]     Price: ₹899.0, MRP: ₹999.0, Stock: True
2026-06-25 12:07:04,576 [INFO]   Amazon: '85 Mazda RX-7 Fast & Furious Race Off 2026
2026-06-25 12:07:06,451 [INFO]     Price: ₹899.0, MRP: ₹999.0, Stock: True
2026-06-25 12:07:09,598 [INFO]   [Amazon - Search]
2026-06-25 12:07:09,598 [INFO]   Amazon search: hot wheels car culture
2026-06-25 12:07:15,455 [INFO]     Hot Wheels Premium Car Culture Collectible Toy Car: ₹935.0, MRP: ₹1999.0
2026-06-25 12:07:20,190 [INFO]     Hot Wheels Premium Car Culture Collectible Toy Car: ₹1320.0, MRP: ₹1999.0
2026-06-25 12:07:24,155 [INFO]     Hot Wheels Premium Car Culture Collectible Toy Car: ₹899.0, MRP: ₹1999.0
2026-06-25 12:07:27,346 [INFO]   Amazon search: hot wheels boulevard
2026-06-25 12:07:33,886 [INFO]     Hot Wheels Koenigsegg CC850 Boulevard™ Vehicle, 1 : ₹1399.0, MRP: ₹1499.0
2026-06-25 12:07:39,267 [INFO]     Hot Wheels 2021 Toyota GR Supra Boulevard™ Vehicle: ₹908.0, MRP: ₹1999.0
2026-06-25 12:07:44,313 [INFO]     Hot Wheels Datsun King CAB Baja Custom Boulevard™ : ₹888.0, MRP: ₹999.0
2026-06-25 12:07:49,120 [INFO]   Amazon search: hot wheels silhouettes
2026-06-25 12:07:56,475 [INFO]     Hot Wheels Track Creator Starter Pack with 1:64 Sc: ₹776.0, MRP: ₹935.0
2026-06-25 12:08:01,181 [INFO]     Hot Wheels Premium Car Culture Collectible Toy Car: ₹994.0, MRP: ₹1999.0
2026-06-25 12:08:05,513 [INFO]     Hot Wheels Premium Car Culture Silhouettes Mazda R: ₹1349.0, MRP: ₹2059.0
2026-06-25 12:08:10,163 [INFO]   Amazon search: hot wheels fast and furious
2026-06-25 12:08:17,435 [INFO]     Hot Wheels 2025 Fast & Furious Pack of 5 (70 Dodge: ₹1320.0, MRP: ₹1999.0
2026-06-25 12:08:21,564 [INFO]     Hot Wheels Toy Car, Fast & Furious Nissan Silvia S: ₹526.0, MRP: ₹999.0
2026-06-25 12:08:27,251 [INFO]     Hot Wheels Toy Car, Fast & Furious 70 Road Runner : ₹517.0, MRP: ₹999.0
2026-06-25 12:08:31,618 [INFO]   Amazon search: hot wheels premium
2026-06-25 12:08:37,901 [INFO]     Hot Wheels Premium Car Culture Collectible Toy Car: ₹935.0, MRP: ₹1999.0
2026-06-25 12:08:43,260 [INFO]     Hot Wheels 1:64 Scale 5-Pack Formula 1 Die-Cast To: ₹899.0, MRP: ₹4599.0
2026-06-25 12:08:47,997 [INFO]     Hot Wheels Toy Van, Premium Mattel 80th Volkswagen: ₹399.0, MRP: ₹549.0
2026-06-25 12:08:52,242 [INFO]   Amazon search: hot wheels treasure hunt
2026-06-25 12:08:57,527 [INFO]     Hot Wheels 2 Jet Z 4/5 (Gold) Treassure Hunt: ₹539.0, MRP: ₹1499.0
2026-06-25 12:09:02,106 [INFO]     Hot Wheels - Triumph TR6 Treasure Hunt - Track Cha: ₹799.0, MRP: ₹1299.0
2026-06-25 12:09:06,978 [INFO]     Hot Wheels - 1966 Triumph Tiger 100 - HW Moto 5/5 : ₹599.0, MRP: ₹999.0
2026-06-25 12:09:10,851 [INFO]   Amazon search: hot wheels zamac
2026-06-25 12:09:16,692 [INFO]     Hot Wheels ZAMAC Multipack: ₹1999.0, MRP: ₹2999.0
2026-06-25 12:09:20,885 [INFO]     Hot Wheels Zamac Subaru WRX STI, HW Speed Graphics: ₹999.0, MRP: ₹1999.0
2026-06-25 12:09:24,879 [INFO]     Hot Wheels Zamac Porsche Taycan Turbo S, Factory F: ₹1999.0, MRP: ₹2999.0
2026-06-25 12:09:28,923 [INFO]   Amazon search: hot wheels liberty walk
2026-06-25 12:09:34,829 [INFO]     Hot Wheels La Liebre HW Dream Garage Ages 3 and Up: ₹288.0, MRP: ₹999.0
2026-06-25 12:09:39,047 [INFO]     Hot Wheels® Color Shifters™ Science Lab with 1:64 : ₹1144.0, MRP: ₹2499.0
2026-06-25 12:09:43,759 [INFO]     Hot Wheels Classic 55 Nomad Wagons Ages 3 and Up 1: ₹268.0, MRP: ₹999.0
2026-06-25 12:09:47,652 [INFO]   Amazon search: hot wheels nissan
2026-06-25 12:09:54,148 [INFO]     Hot Wheels Toy Car, Fast & Furious Nissan Silvia S: ₹526.0, MRP: ₹999.0
2026-06-25 12:09:59,768 [INFO]     Hot Wheels Nissan Skyline 2000 GT-R HW J-Imports A: ₹419.0, MRP: ₹999.0
2026-06-25 12:10:04,847 [INFO]     Hot Wheels Nissan Skyline GT-R BCNR33 70S vs 90S f: ₹978.0, MRP: ₹999.0
2026-06-25 12:10:10,638 [INFO]   Amazon search: hot wheels porsche
2026-06-25 12:10:17,121 [INFO]     Hot Wheels 1983 Porsche 928S HW Euro Ages 3 and Up: ₹379.0, MRP: ₹999.0
2026-06-25 12:10:22,530 [INFO]     Hot Wheels Porsche Taycan Turbo S HW EV Ages 3 and: ₹628.0, MRP: ₹999.0
2026-06-25 12:10:27,189 [INFO]     Hot Wheels Porsche 911 Carrera T Factory Fresh 1/5: ₹899.0, MRP: ₹1999.0
2026-06-25 12:10:33,136 [INFO]   Amazon search: hot wheels ferrari
2026-06-25 12:10:40,549 [INFO]     Hot Wheels Ferrari SF90 Stradale Ferrari Ages 3 an: ₹880.0, MRP: ₹999.0
2026-06-25 12:10:46,567 [INFO]     Hot Wheels Dino 206 GT Ferrari Ages 3 and Up 150/2: ₹618.0, MRP: ₹999.0
2026-06-25 12:10:50,869 [INFO]     Hot Wheels Ferrari 365 GTB4 Competizione Ferrari A: ₹495.0, MRP: ₹999.0
2026-06-25 12:10:55,041 [INFO]   Amazon search: hot wheels lamborghini
2026-06-25 12:11:02,075 [INFO]     Hot Wheels 16 Lamborghini Centenario Roadster Exot: ₹999.0, MRP: ₹1499.0
2026-06-25 12:11:06,226 [INFO]     Hot Wheels LB-Works Lamborghini Huracan Coupe [Bla: ₹1299.0, MRP: ₹2499.0
2026-06-25 12:11:11,319 [INFO]     Hot Wheels Lamborghini HURACÁN LP 620-2 Super Trof: ₹988.0, MRP: ₹999.0
2026-06-25 12:11:16,366 [INFO]   Amazon search: hot wheels mclaren
2026-06-25 12:11:23,554 [INFO]     Hot Wheels Hybrid Speed 1:64 Mclaren P1 Silver Ser: ₹999.0, MRP: ₹1999.0
2026-06-25 12:11:28,306 [INFO]     Hot Wheels McLaren W1 [Blue] Exoticars 5/10, 74/25: ₹740.0, MRP: ₹999.0
2026-06-25 12:11:33,969 [INFO]     Hot Wheels Mclaren P1 Quarter Mile Heroes Ages 3 a: ₹899.0, MRP: ₹2499.0
2026-06-25 12:11:37,065 [INFO]   Amazon search: hot wheels honda
2026-06-25 12:11:44,021 [INFO]     Hot Wheels Honda Odyssey HW J-Imports Ages 3 and U: ₹268.0, MRP: ₹999.0
2026-06-25 12:11:48,876 [INFO]     Hot Wheels 98 Honda Prelude Factory Fresh Ages 3 a: ₹428.0, MRP: ₹999.0
2026-06-25 12:11:54,590 [INFO]     Hot Wheels 2018 Honda Civic Type R Nighspeed Ages : ₹398.0, MRP: ₹999.0
2026-06-25 12:12:00,084 [INFO]   Amazon search: hot wheels mazda
2026-06-25 12:12:06,432 [INFO]     Hot Wheels Mazda Autozam HW Dirt Ages 3 and Up 146: ₹248.0, MRP: ₹999.0
2026-06-25 12:12:11,277 [INFO]     Hot Wheels 89 Mazda Savanna RX-7 FC3S HW J-Imports: ₹346.0, MRP: ₹999.0
2026-06-25 12:12:15,852 [INFO]     Hot Wheels 2025 Mazda 787B Peak Pursuit Ages 3 and: ₹790.0, MRP: ₹999.0
2026-06-25 12:12:21,516 [INFO]   Amazon search: hot wheels toyota
2026-06-25 12:12:28,187 [INFO]     Hot Wheels 20 Toyota GR Supra Then and Now Ages 3 : ₹684.0, MRP: ₹999.0
2026-06-25 12:12:33,026 [INFO]     Hot Wheels 2021 Toyota GR Supra Boulevard™ Vehicle: ₹908.0, MRP: ₹1999.0
2026-06-25 12:12:37,190 [INFO]     Hot Wheels Toyota Prius Custom [White] J-Imports 1: ₹445.0, MRP: ₹999.0
2026-06-25 12:12:42,864 [INFO]   Amazon search: hot wheels subaru
2026-06-25 12:12:49,250 [INFO]     Hot Wheels 55th Anniversary Subaru Brat for 3 Year: ₹328.0, MRP: ₹999.0
2026-06-25 12:12:54,820 [INFO]     Hot Wheels Subaru BRZ J-Imports Ages 3 Years and U: ₹634.0, MRP: ₹799.0
2026-06-25 12:12:58,968 [INFO]     Hot Wheels Premium Car Culture Collectible Toy Car: ₹729.0, MRP: ₹799.0
2026-06-25 12:13:03,466 [INFO]   Amazon search: hot wheels mitsubishi
2026-06-25 12:13:09,326 [INFO]     Hot Wheels Premium Car Culture Collectible Toy Car: ₹1449.0, MRP: ₹1999.0
2026-06-25 12:13:13,376 [INFO]     Hot Wheels Mitsubishi Pajero Evolition HW J Import: ₹798.0, MRP: ₹1999.0
2026-06-25 12:13:17,706 [INFO]     Hot Wheels Boulevard™ Mitsubishi Pajero Evolution : ₹1449.0, MRP: ₹1599.0
2026-06-25 12:13:21,529 [INFO]   Amazon search: hot wheels alfa romeo
2026-06-25 12:13:28,213 [INFO]     Hot Wheels - Alfa Romeo Giulia T1 Super - Compact : ₹389.0, MRP: ₹999.0
2026-06-25 12:13:34,032 [INFO]     Hot Wheels 1:64 Scale Toy Car, Die-Cast Vintage Al: ₹640.0, MRP: ₹999.0
2026-06-25 12:13:39,557 [INFO]     Hot Wheels Alfa Romeo Giulia TI Super Compact King: ₹475.0, MRP: ₹999.0
2026-06-25 12:13:42,584 [INFO]   Amazon search: hot wheels koenigsegg
2026-06-25 12:13:48,484 [INFO]     Hot Wheels Koenigsegg CC850 Boulevard™ Vehicle, 1 : ₹1399.0, MRP: ₹1499.0
2026-06-25 12:13:53,510 [INFO]     Hot Wheels 2020 Koenigsegg Jesko HW Exotics Ages 3: ₹1498.0, MRP: ₹1999.0
2026-06-25 12:13:58,975 [INFO]     Hot Wheels Ferrari SF90 Stradale Ferrari Ages 3 an: ₹880.0, MRP: ₹999.0
2026-06-25 12:14:03,011 [INFO]   Amazon search: hot wheels pagani
2026-06-25 12:14:10,505 [INFO]     Hot Wheels Pagani Zonda Cinque Exoticars Ages 3 an: ₹279.0, MRP: ₹999.0
2026-06-25 12:14:14,721 [INFO]     Hot Wheels Pagani Zonda Cinque 4/10 (Orange): ₹279.0, MRP: ₹999.0
2026-06-25 12:14:20,193 [INFO]     Hot Wheels 2025 Pagani Utopia Peak Pursuit Ages 3 : ₹879.0, MRP: ₹1999.0
2026-06-25 12:14:24,159 [INFO]   Amazon search: hot wheels aston martin
2026-06-25 12:14:29,594 [INFO]     Hot Wheels 2024 Aston Martin Vantage GT3 Exoticars: ₹744.0, MRP: ₹999.0
2026-06-25 12:14:34,821 [INFO]     Hot Wheels Euro Speed Aston Martin Vantage GTE Pre: ₹945.0, MRP: ₹1999.0
2026-06-25 12:14:40,647 [INFO]     Hot Wheels Aston Martin DB4GT High Speed Edition M: ₹889.0, MRP: ₹1999.0
2026-06-25 12:14:44,154 [INFO]   Amazon search: hot wheels maserati
2026-06-25 12:14:49,762 [INFO]     Hot Wheels Maserati Tipo 61 HW Starting Grid Ages : ₹433.0, MRP: ₹999.0
2026-06-25 12:14:54,913 [INFO]     Hot Wheels Maserati Shamal, 2025 Collection, 53/25: ₹495.0, MRP: ₹999.0
2026-06-25 12:15:00,203 [INFO]     Hot Wheels Boulevard™ Maserati MC20 Premium 1:64 S: ₹1999.0, MRP: ₹1495.0
2026-06-25 12:15:04,103 [INFO]   Amazon search: hot wheels shelby
2026-06-25 12:15:10,903 [INFO]     Hot Wheels 2020 Ford Mustang Shelby GT500 Ages 3 a: ₹794.0, MRP: ₹999.0
2026-06-25 12:15:16,637 [INFO]     Hot Wheels Shelby Cobra 427 SC, 1:64 Scale Die-Cas: ₹749.0, MRP: ₹1499.0
2026-06-25 12:15:21,171 [INFO]     Hot Wheels 1:64 67 Shelby GT500 Mustang Go Ages 3 : ₹1499.0, MRP: ₹1999.0
2026-06-25 12:15:25,855 [INFO]   Amazon search: hot wheels dodge
2026-06-25 12:15:31,340 [INFO]     Hot Wheels 20 Dodge Charger Hellcat Nightspeed Age: ₹439.0, MRP: ₹999.0
2026-06-25 12:15:35,364 [INFO]     Hot Wheels 68 Dodge Dart Drag Racers Ages 3 and Up: ₹326.0, MRP: ₹999.0
2026-06-25 12:15:40,789 [INFO]     Hot Wheels 70 Dodge Hemi Challenger - Golden Muscl: ₹408.0, MRP: ₹999.0
2026-06-25 12:15:44,786 [INFO]   Amazon search: hot wheels chevrolet
2026-06-25 12:15:50,464 [INFO]     Hot Wheels 59 Chevy Impala Layin Low Ages 3 and Up: ₹319.0, MRP: ₹999.0
2026-06-25 12:15:54,705 [INFO]     Hot Wheels 2026 Match Box 2024 Chevrolet ZL1 Cover: ₹498.0, MRP: ₹999.0
2026-06-25 12:15:58,710 [INFO]     Hot Wheels 55th Anniversary 70 Chevy Camaro RS for: ₹485.0, MRP: ₹1999.0
2026-06-25 12:16:04,060 [INFO]   Amazon search: hot wheels ford mustang
2026-06-25 12:16:10,112 [INFO]     Hot Wheels Ford Mustang Mach-E 1400 HW EV Ages 3 a: ₹289.0, MRP: ₹999.0
2026-06-25 12:16:14,284 [INFO]     Hot Wheels Ford Mustang Mach-E 1400 HW EV 2/10 (Wh: ₹369.0, MRP: ₹999.0
2026-06-25 12:16:20,190 [INFO]     Hot Wheels 2020 Ford Mustang Shelby GT500 Ages 3 a: ₹794.0, MRP: ₹999.0
2026-06-25 12:16:25,214 [INFO]   [Indian Stores - Shopify Gateway]
2026-06-25 12:16:25,215 [INFO]   Checking Kinder Logs...
2026-06-25 12:16:47,718 [INFO]     No new deals under ₹800
2026-06-25 12:16:47,719 [INFO]   Checking Zoomsters India...
2026-06-25 12:17:09,968 [INFO]     No deals under ₹800 from search, trying full catalog...
2026-06-25 12:17:20,998 [INFO]     No new deals under ₹800
2026-06-25 12:17:21,646 [INFO] Telegram alert sent successfully!
2026-06-25 12:17:21,647 [INFO] Alert: Amazon - Hot Wheels Premium Car Culture Collectib
2026-06-25 12:17:23,425 [INFO] Telegram alert sent successfully!
2026-06-25 12:17:23,427 [INFO] Alert: Amazon - Hot Wheels Premium Car Culture Collectib
2026-06-25 12:17:25,116 [INFO] Telegram alert sent successfully!
2026-06-25 12:17:25,117 [INFO] Alert: Amazon - Hot Wheels Premium Car Culture Collectib
2026-06-25 12:17:26,806 [INFO] Telegram alert sent successfully!
2026-06-25 12:17:26,807 [INFO] Alert: Amazon - Hot Wheels Koenigsegg CC850 Boulevard™ V
2026-06-25 12:17:28,458 [INFO] Telegram alert sent successfully!
2026-06-25 12:17:28,459 [INFO] Alert: Amazon - Hot Wheels 2021 Toyota GR Supra Boulevar
2026-06-25 12:17:30,160 [INFO] Telegram alert sent successfully!
2026-06-25 12:17:30,161 [INFO] Alert: Amazon - Hot Wheels Datsun King CAB Baja Custom B
2026-06-25 12:17:31,860 [INFO] Telegram alert sent successfully!
2026-06-25 12:17:31,860 [INFO] Alert: Amazon - Hot Wheels Track Creator Starter Pack wi
2026-06-25 12:17:33,570 [INFO] Telegram alert sent successfully!
2026-06-25 12:17:33,571 [INFO] Alert: Amazon - Hot Wheels Premium Car Culture Collectib
2026-06-25 12:17:35,249 [INFO] Telegram alert sent successfully!
2026-06-25 12:17:35,250 [INFO] Alert: Amazon - Hot Wheels Premium Car Culture Silhouett
2026-06-25 12:17:36,885 [INFO] Telegram alert sent successfully!
2026-06-25 12:17:36,887 [INFO] Alert: Amazon - Hot Wheels 2025 Fast & Furious Pack of 5
2026-06-25 12:17:38,584 [INFO] Telegram alert sent successfully!
2026-06-25 12:17:38,585 [INFO] Alert: Amazon - Hot Wheels Toy Car, Fast & Furious Nissa
2026-06-25 12:17:40,286 [INFO] Telegram alert sent successfully!
2026-06-25 12:17:40,287 [INFO] Alert: Amazon - Hot Wheels Toy Car, Fast & Furious 70 Ro
2026-06-25 12:17:42,010 [INFO] Telegram alert sent successfully!
2026-06-25 12:17:42,011 [INFO] Alert: Amazon - Hot Wheels Toy Van, Premium Mattel 80th 
2026-06-25 12:17:43,636 [INFO] Telegram alert sent successfully!
2026-06-25 12:17:43,637 [INFO] Alert: Amazon - Hot Wheels 2 Jet Z 4/5 (Gold) Treassure 
2026-06-25 12:17:45,276 [INFO] Telegram alert sent successfully!
2026-06-25 12:17:45,276 [INFO] Alert: Amazon - Hot Wheels - Triumph TR6 Treasure Hunt -
2026-06-25 12:17:46,899 [INFO] Telegram alert sent successfully!
2026-06-25 12:17:46,900 [INFO] Alert: Amazon - Hot Wheels - 1966 Triumph Tiger 100 - HW
2026-06-25 12:17:48,539 [INFO] Telegram alert sent successfully!
2026-06-25 12:17:48,541 [INFO] Alert: Amazon - Hot Wheels ZAMAC Multipack
2026-06-25 12:17:50,298 [INFO] Telegram alert sent successfully!
2026-06-25 12:17:50,299 [INFO] Alert: Amazon - Hot Wheels Zamac Subaru WRX STI, HW Spee
2026-06-25 12:17:51,942 [INFO] Telegram alert sent successfully!
2026-06-25 12:17:51,943 [INFO] Alert: Amazon - Hot Wheels Zamac Porsche Taycan Turbo S,
2026-06-25 12:17:53,628 [INFO] Telegram alert sent successfully!
2026-06-25 12:17:53,629 [INFO] Alert: Amazon - Hot Wheels La Liebre HW Dream Garage Age
2026-06-25 12:17:55,451 [INFO] Telegram alert sent successfully!
2026-06-25 12:17:55,451 [INFO] Alert: Amazon - Hot Wheels® Color Shifters™ Science Lab 
2026-06-25 12:17:57,143 [INFO] Telegram alert sent successfully!
2026-06-25 12:17:57,144 [INFO] Alert: Amazon - Hot Wheels Classic 55 Nomad Wagons Ages 
2026-06-25 12:17:58,831 [INFO] Telegram alert sent successfully!
2026-06-25 12:17:58,832 [INFO] Alert: Amazon - Hot Wheels Nissan Skyline 2000 GT-R HW J
2026-06-25 12:18:00,482 [INFO] Telegram alert sent successfully!
2026-06-25 12:18:00,483 [INFO] Alert: Amazon - Hot Wheels Nissan Skyline GT-R BCNR33 70
2026-06-25 12:18:02,145 [INFO] Telegram alert sent successfully!
2026-06-25 12:18:02,147 [INFO] Alert: Amazon - Hot Wheels 1983 Porsche 928S HW Euro Age
2026-06-25 12:18:03,816 [INFO] Telegram alert sent successfully!
2026-06-25 12:18:03,817 [INFO] Alert: Amazon - Hot Wheels Porsche Taycan Turbo S HW EV 
2026-06-25 12:18:05,504 [INFO] Telegram alert sent successfully!
2026-06-25 12:18:05,505 [INFO] Alert: Amazon - Hot Wheels Porsche 911 Carrera T Factory
2026-06-25 12:18:07,130 [INFO] Telegram alert sent successfully!
2026-06-25 12:18:07,131 [INFO] Alert: Amazon - Hot Wheels Ferrari SF90 Stradale Ferrari
2026-06-25 12:18:08,764 [INFO] Telegram alert sent successfully!
2026-06-25 12:18:08,765 [INFO] Alert: Amazon - Hot Wheels Dino 206 GT Ferrari Ages 3 an
2026-06-25 12:18:10,452 [INFO] Telegram alert sent successfully!
2026-06-25 12:18:10,454 [INFO] Alert: Amazon - Hot Wheels Ferrari 365 GTB4 Competizione
2026-06-25 12:18:12,152 [INFO] Telegram alert sent successfully!
2026-06-25 12:18:12,153 [INFO] Alert: Amazon - Hot Wheels 16 Lamborghini Centenario Roa
2026-06-25 12:18:13,881 [INFO] Telegram alert sent successfully!
2026-06-25 12:18:13,882 [INFO] Alert: Amazon - Hot Wheels LB-Works Lamborghini Huracan 
2026-06-25 12:18:15,582 [INFO] Telegram alert sent successfully!
2026-06-25 12:18:15,583 [INFO] Alert: Amazon - Hot Wheels Lamborghini HURACÁN LP 620-2 
2026-06-25 12:18:17,304 [INFO] Telegram alert sent successfully!
2026-06-25 12:18:17,305 [INFO] Alert: Amazon - Hot Wheels Hybrid Speed 1:64 Mclaren P1 
2026-06-25 12:18:19,016 [INFO] Telegram alert sent successfully!
2026-06-25 12:18:19,017 [INFO] Alert: Amazon - Hot Wheels McLaren W1 [Blue] Exoticars 5
2026-06-25 12:18:20,692 [INFO] Telegram alert sent successfully!
2026-06-25 12:18:20,693 [INFO] Alert: Amazon - Hot Wheels Mclaren P1 Quarter Mile Heroe
2026-06-25 12:18:22,378 [INFO] Telegram alert sent successfully!
2026-06-25 12:18:22,379 [INFO] Alert: Amazon - Hot Wheels Honda Odyssey HW J-Imports Ag
2026-06-25 12:18:24,110 [INFO] Telegram alert sent successfully!
2026-06-25 12:18:24,111 [INFO] Alert: Amazon - Hot Wheels 98 Honda Prelude Factory Fres
2026-06-25 12:18:25,805 [INFO] Telegram alert sent successfully!
2026-06-25 12:18:25,806 [INFO] Alert: Amazon - Hot Wheels 2018 Honda Civic Type R Nighs
2026-06-25 12:18:27,460 [INFO] Telegram alert sent successfully!
2026-06-25 12:18:27,463 [INFO] Alert: Amazon - Hot Wheels Mazda Autozam HW Dirt Ages 3 
2026-06-25 12:18:29,177 [INFO] Telegram alert sent successfully!
2026-06-25 12:18:29,179 [INFO] Alert: Amazon - Hot Wheels 89 Mazda Savanna RX-7 FC3S HW
2026-06-25 12:18:30,809 [INFO] Telegram alert sent successfully!
2026-06-25 12:18:30,810 [INFO] Alert: Amazon - Hot Wheels 20 Toyota GR Supra Then and N
2026-06-25 12:18:32,488 [INFO] Telegram alert sent successfully!
2026-06-25 12:18:32,489 [INFO] Alert: Amazon - Hot Wheels Toyota Prius Custom [White] J
2026-06-25 12:18:34,148 [INFO] Telegram alert sent successfully!
2026-06-25 12:18:34,150 [INFO] Alert: Amazon - Hot Wheels 55th Anniversary Subaru Brat 
2026-06-25 12:18:35,775 [INFO] Telegram alert sent successfully!
2026-06-25 12:18:35,776 [INFO] Alert: Amazon - Hot Wheels Subaru BRZ J-Imports Ages 3 Y
2026-06-25 12:18:37,411 [INFO] Telegram alert sent successfully!
2026-06-25 12:18:37,427 [INFO] Alert: Amazon - Hot Wheels Premium Car Culture Collectib
2026-06-25 12:18:39,074 [INFO] Telegram alert sent successfully!
2026-06-25 12:18:39,076 [INFO] Alert: Amazon - Hot Wheels Premium Car Culture Collectib
2026-06-25 12:18:40,718 [INFO] Telegram alert sent successfully!
2026-06-25 12:18:40,719 [INFO] Alert: Amazon - Hot Wheels Mitsubishi Pajero Evolition H
2026-06-25 12:18:42,415 [INFO] Telegram alert sent successfully!
2026-06-25 12:18:42,416 [INFO] Alert: Amazon - Hot Wheels Boulevard™ Mitsubishi Pajero 
2026-06-25 12:18:44,070 [INFO] Telegram alert sent successfully!
2026-06-25 12:18:44,073 [INFO] Alert: Amazon - Hot Wheels - Alfa Romeo Giulia T1 Super 
2026-06-25 12:18:45,716 [INFO] Telegram alert sent successfully!
2026-06-25 12:18:45,718 [INFO] Alert: Amazon - Hot Wheels 1:64 Scale Toy Car, Die-Cast 
2026-06-25 12:18:47,386 [INFO] Telegram alert sent successfully!
2026-06-25 12:18:47,387 [INFO] Alert: Amazon - Hot Wheels Alfa Romeo Giulia TI Super Co
2026-06-25 12:18:49,004 [INFO] Telegram alert sent successfully!
2026-06-25 12:18:49,005 [INFO] Alert: Amazon - Hot Wheels 2020 Koenigsegg Jesko HW Exot
2026-06-25 12:18:50,643 [INFO] Telegram alert sent successfully!
2026-06-25 12:18:50,645 [INFO] Alert: Amazon - Hot Wheels Pagani Zonda Cinque Exoticars
2026-06-25 12:18:52,285 [INFO] Telegram alert sent successfully!
2026-06-25 12:18:52,287 [INFO] Alert: Amazon - Hot Wheels Pagani Zonda Cinque 4/10 (Ora
2026-06-25 12:18:53,959 [INFO] Telegram alert sent successfully!
2026-06-25 12:18:53,960 [INFO] Alert: Amazon - Hot Wheels 2025 Pagani Utopia Peak Pursu
2026-06-25 12:18:55,625 [INFO] Telegram alert sent successfully!
2026-06-25 12:18:55,625 [INFO] Alert: Amazon - Hot Wheels 2024 Aston Martin Vantage GT3
2026-06-25 12:18:57,328 [INFO] Telegram alert sent successfully!
2026-06-25 12:18:57,329 [INFO] Alert: Amazon - Hot Wheels Euro Speed Aston Martin Vanta
2026-06-25 12:18:59,019 [INFO] Telegram alert sent successfully!
2026-06-25 12:18:59,020 [INFO] Alert: Amazon - Hot Wheels Aston Martin DB4GT High Speed
2026-06-25 12:19:00,647 [INFO] Telegram alert sent successfully!
2026-06-25 12:19:00,648 [INFO] Alert: Amazon - Hot Wheels Maserati Tipo 61 HW Starting 
2026-06-25 12:19:02,274 [INFO] Telegram alert sent successfully!
2026-06-25 12:19:02,275 [INFO] Alert: Amazon - Hot Wheels Maserati Shamal, 2025 Collect
2026-06-25 12:19:03,947 [INFO] Telegram alert sent successfully!
2026-06-25 12:19:03,957 [INFO] Alert: Amazon - Hot Wheels 2020 Ford Mustang Shelby GT50
2026-06-25 12:19:05,683 [INFO] Telegram alert sent successfully!
2026-06-25 12:19:05,685 [INFO] Alert: Amazon - Hot Wheels Shelby Cobra 427 SC, 1:64 Sca
2026-06-25 12:19:07,328 [INFO] Telegram alert sent successfully!
2026-06-25 12:19:07,329 [INFO] Alert: Amazon - Hot Wheels 1:64 67 Shelby GT500 Mustang 
2026-06-25 12:19:08,985 [INFO] Telegram alert sent successfully!
2026-06-25 12:19:08,988 [INFO] Alert: Amazon - Hot Wheels 20 Dodge Charger Hellcat Nigh
2026-06-25 12:19:10,663 [INFO] Telegram alert sent successfully!
2026-06-25 12:19:10,664 [INFO] Alert: Amazon - Hot Wheels 68 Dodge Dart Drag Racers Age
2026-06-25 12:19:12,325 [INFO] Telegram alert sent successfully!
2026-06-25 12:19:12,326 [INFO] Alert: Amazon - Hot Wheels 70 Dodge Hemi Challenger - Go
2026-06-25 12:19:14,182 [INFO] Telegram alert sent successfully!
2026-06-25 12:19:14,183 [INFO] Alert: Amazon - Hot Wheels 59 Chevy Impala Layin Low Age
2026-06-25 12:19:15,846 [INFO] Telegram alert sent successfully!
2026-06-25 12:19:15,848 [INFO] Alert: Amazon - Hot Wheels 2026 Match Box 2024 Chevrolet
2026-06-25 12:19:17,546 [INFO] Telegram alert sent successfully!
2026-06-25 12:19:17,548 [INFO] Alert: Amazon - Hot Wheels 55th Anniversary 70 Chevy Cam
2026-06-25 12:19:19,311 [INFO] Telegram alert sent successfully!
2026-06-25 12:19:19,312 [INFO] Alert: Amazon - Hot Wheels Ford Mustang Mach-E 1400 HW E
2026-06-25 12:19:20,966 [INFO] Telegram alert sent successfully!
2026-06-25 12:19:20,970 [INFO] Alert: Amazon - Hot Wheels Ford Mustang Mach-E 1400 HW E
2026-06-25 12:19:21,972 [INFO] Done. New alerts: 72
2026-06-25 12:19:21,972 [INFO] Next check in 5 min...
2026-06-25 12:25:29,529 [INFO] ============================================================
2026-06-25 12:25:29,529 [INFO] Hotwheels Monitor Started
2026-06-25 12:25:29,529 [INFO] Interval: 5 min
2026-06-25 12:25:29,529 [INFO] Amazon products: 3
2026-06-25 12:25:29,529 [INFO] Shopify sites: 2
2026-06-25 12:25:29,529 [INFO] ============================================================
2026-06-25 12:25:29,529 [INFO] 
--- Check: 2026-06-25 12:25:29 ---
2026-06-25 12:25:29,529 [INFO]   [Amazon - Direct Products]
2026-06-25 12:25:29,529 [INFO]   Amazon: Hot Wheels Lotus Emira Factory Fresh
2026-06-25 12:25:31,403 [INFO]     Price: ₹999.0, MRP: ₹1999.0, Stock: True
2026-06-25 12:25:34,931 [INFO]   Amazon: Honda S2000 Fast & Furious Race Off 2026
2026-06-25 12:25:36,779 [INFO]     Price: ₹899.0, MRP: ₹999.0, Stock: True
2026-06-25 12:25:39,485 [INFO]   Amazon: '85 Mazda RX-7 Fast & Furious Race Off 2026
2026-06-25 12:25:41,296 [INFO]     Price: ₹899.0, MRP: ₹999.0, Stock: True
2026-06-25 12:25:44,429 [INFO]   [Amazon - Search]
2026-06-25 12:25:44,429 [INFO]   Amazon search: hot wheels car culture
2026-06-25 12:25:50,637 [INFO]     [SILVER] Hot Wheels Premium Car Culture Collectible Toy Car: ₹935.0, MRP: ₹1999.0
2026-06-25 12:25:56,101 [INFO]     [SILVER] Hot Wheels Premium Car Culture Collectible Toy Car: ₹1320.0, MRP: ₹1999.0
2026-06-25 12:26:00,063 [INFO]     [SILVER] Hot Wheels Premium Car Culture Collectible Toy Car: ₹899.0, MRP: ₹1999.0
2026-06-25 12:26:05,496 [INFO]   Amazon search: hot wheels boulevard
2026-06-25 12:26:11,114 [INFO]     [SILVER] Hot Wheels Koenigsegg CC850 Boulevard™ Vehicle, 1 : ₹1399.0, MRP: ₹1499.0
2026-06-25 12:26:16,661 [INFO]     [SILVER] Hot Wheels 2021 Toyota GR Supra Boulevard™ Vehicle: ₹908.0, MRP: ₹1999.0
2026-06-25 12:26:21,867 [INFO]     [SILVER] Hot Wheels Datsun King CAB Baja Custom Boulevard™ : ₹888.0, MRP: ₹999.0
2026-06-25 12:26:26,975 [INFO]   Amazon search: hot wheels silhouettes
2026-06-25 12:26:32,615 [INFO]     [SILVER] Hot Wheels Track Creator Starter Pack with 1:64 Sc: ₹776.0, MRP: ₹935.0
2026-06-25 12:26:36,740 [INFO]     [SILVER] Hot Wheels Premium Car Culture Collectible Toy Car: ₹994.0, MRP: ₹1999.0
2026-06-25 12:26:41,640 [INFO]     [SILVER] Hot Wheels Premium Car Culture Silhouettes Mazda R: ₹1349.0, MRP: ₹2059.0
2026-06-25 12:26:46,382 [INFO]   Amazon search: hot wheels fast and furious
2026-06-25 12:26:52,932 [INFO]     [SILVER] Hot Wheels 2025 Fast & Furious Pack of 5 (70 Dodge: ₹1320.0, MRP: ₹1999.0
2026-06-25 12:26:58,373 [INFO]     [SILVER] Hot Wheels Toy Car, Fast & Furious Nissan Silvia S: ₹526.0, MRP: ₹999.0
2026-06-25 12:27:02,192 [INFO]     [SILVER] Hot Wheels Toy Car, Fast & Furious 70 Road Runner : ₹517.0, MRP: ₹999.0
2026-06-25 12:27:08,035 [INFO]   Amazon search: hot wheels premium
2026-06-25 12:27:14,507 [INFO]     [SILVER] Hot Wheels Premium Car Culture Collectible Toy Car: ₹935.0, MRP: ₹1999.0
2026-06-25 12:27:19,120 [INFO]     [SILVER] Hot Wheels 1:64 Scale 5-Pack Formula 1 Die-Cast To: ₹899.0, MRP: ₹2999.0
2026-06-25 12:27:23,490 [INFO]     [SILVER] Hot Wheels Toy Van, Premium Mattel 80th Volkswagen: ₹399.0, MRP: ₹549.0
2026-06-25 12:27:29,002 [INFO]   Amazon search: hot wheels treasure hunt
2026-06-25 12:27:33,804 [INFO]   Amazon search: hot wheels zamac
2026-06-25 12:27:37,424 [INFO]   Amazon search: hot wheels liberty walk
2026-06-25 12:27:41,619 [INFO]   Amazon search: hot wheels nissan
2026-06-25 12:27:46,587 [INFO]   Amazon search: hot wheels porsche
2026-06-25 12:27:50,735 [INFO]   Amazon search: hot wheels ferrari
2026-06-25 12:27:54,607 [INFO]   Amazon search: hot wheels lamborghini
2026-06-25 12:28:00,375 [INFO]   Amazon search: hot wheels mclaren
2026-06-25 12:28:03,905 [INFO]   Amazon search: hot wheels honda
2026-06-25 12:28:09,687 [INFO]   Amazon search: hot wheels mazda
2026-06-25 12:28:16,742 [INFO]     [SILVER] Hot Wheels 2025 Mazda 787B Peak Pursuit Ages 3 and: ₹790.0, MRP: ₹999.0
2026-06-25 12:28:21,453 [INFO]     [SILVER] Hot Wheels Mazda RX-3 Compact Kings Ages 3 and Up : ₹408.0, MRP: ₹999.0
2026-06-25 12:28:25,448 [INFO]     [PREMIUM] Hot Wheels - Mazda RX-7 - JJJ29 - HW J-Imports 2/1: ₹498.0, MRP: ₹599.0
2026-06-25 12:28:31,266 [INFO]   Amazon search: hot wheels toyota
2026-06-25 12:28:37,151 [INFO]     [SILVER] Hot Wheels 20 Toyota GR Supra Then and Now Ages 3 : ₹684.0, MRP: ₹999.0
2026-06-25 12:28:41,229 [INFO]     [SILVER] Hot Wheels 2021 Toyota GR Supra Boulevard™ Vehicle: ₹908.0, MRP: ₹1999.0
2026-06-25 12:28:45,153 [INFO]     [SILVER] Hot Wheels Toyota Prius Custom [White] J-Imports 1: ₹445.0, MRP: ₹999.0
2026-06-25 12:28:50,885 [INFO]   Amazon search: hot wheels subaru
2026-06-25 12:28:57,292 [INFO]     [SILVER] Hot Wheels Subaru BRZ J-Imports Ages 3 Years and U: ₹634.0, MRP: ₹799.0
2026-06-25 12:29:01,640 [INFO]     [PREMIUM] Hot Wheels Premium Car Culture Collectible Toy Car: ₹729.0, MRP: ₹799.0
2026-06-25 12:29:06,666 [INFO]     [SILVER] Hot Wheels® Premium Car Culture Subaru CROSSTREK 2: ₹1499.0, MRP: ₹1999.0
2026-06-25 12:29:11,568 [INFO]   Amazon search: hot wheels mitsubishi
2026-06-25 12:29:18,329 [INFO]     [PREMIUM] Hot Wheels Premium Car Culture Collectible Toy Car: ₹1449.0, MRP: ₹1999.0
2026-06-25 12:29:23,917 [INFO]     [SILVER] Hot Wheels Mitsubishi Pajero Evolition HW J Import: ₹798.0, MRP: ₹1999.0
2026-06-25 12:29:28,147 [INFO]     [SILVER] Hot Wheels Boulevard™ Mitsubishi Pajero Evolution : ₹1449.0, MRP: ₹1599.0
2026-06-25 12:29:32,327 [INFO]   Amazon search: hot wheels alfa romeo
2026-06-25 12:29:39,585 [INFO]     [SILVER] Hot Wheels - Alfa Romeo Giulia T1 Super - Compact : ₹389.0, MRP: ₹999.0
2026-06-25 12:29:45,257 [INFO]     [SILVER] Hot Wheels 1:64 Scale Toy Car, Die-Cast Vintage Al: ₹640.0, MRP: ₹999.0
2026-06-25 12:29:49,634 [INFO]     [SILVER] Hot Wheels Alfa Romeo Giulia TI Super Compact King: ₹475.0, MRP: ₹999.0
2026-06-25 12:29:54,798 [INFO]   Amazon search: hot wheels koenigsegg
2026-06-25 12:30:00,506 [INFO]     [SILVER] Hot Wheels Koenigsegg CC850 Boulevard™ Vehicle, 1 : ₹1399.0, MRP: ₹1499.0
2026-06-25 12:30:04,380 [INFO]     [SILVER] Hot Wheels 2020 Koenigsegg Jesko HW Exotics Ages 3: ₹1498.0, MRP: ₹1999.0
2026-06-25 12:30:08,543 [INFO]     [SILVER] Hot Wheels Ferrari SF90 Stradale Ferrari Ages 3 an: ₹880.0, MRP: ₹999.0
2026-06-25 12:30:13,053 [INFO]   Amazon search: hot wheels pagani
2026-06-25 12:30:18,902 [INFO]     [SILVER] Hot Wheels 2025 Pagani Utopia Peak Pursuit Ages 3 : ₹879.0, MRP: ₹1999.0
2026-06-25 12:30:23,486 [INFO]     [SILVER] Hot Wheels 17 Pagani Huayra Roadster Exotics Ages : ₹1299.0, MRP: ₹1499.0
2026-06-25 12:30:28,223 [INFO]     [SILVER] Hot Wheels 1:64 Pagani Utopia HW Exotics 3 Years &: ₹899.0, MRP: ₹1999.0
2026-06-25 12:34:14,969 [INFO] ============================================================
2026-06-25 12:34:14,969 [INFO] Hotwheels Monitor Started
2026-06-25 12:34:14,969 [INFO] Interval: 5 min
2026-06-25 12:34:14,969 [INFO] Amazon products: 3
2026-06-25 12:34:14,969 [INFO] Shopify sites: 2
2026-06-25 12:34:14,969 [INFO] ============================================================
2026-06-25 12:34:14,970 [INFO] 
--- Check: 2026-06-25 12:34:14 ---
2026-06-25 12:34:14,970 [INFO]   [Amazon - Direct Products]
2026-06-25 12:34:14,970 [INFO]   Amazon: Hot Wheels Lotus Emira Factory Fresh
2026-06-25 12:34:16,792 [INFO]     Price: ₹999.0, MRP: ₹1999.0, Stock: True
2026-06-25 12:34:20,527 [INFO]   Amazon: Honda S2000 Fast & Furious Race Off 2026
2026-06-25 12:34:22,430 [INFO]     Price: ₹899.0, MRP: ₹999.0, Stock: True
2026-06-25 12:34:25,645 [INFO]   Amazon: '85 Mazda RX-7 Fast & Furious Race Off 2026
2026-06-25 12:34:27,386 [INFO]     Price: ₹899.0, MRP: ₹999.0, Stock: True
2026-06-25 12:34:29,462 [INFO]   [Amazon - Search]
2026-06-25 12:34:29,462 [INFO]   Amazon search: hot wheels car culture
2026-06-25 12:34:36,855 [INFO]     [SILVER] Hot Wheels Premium Car Culture Collectible Toy Car: ₹935.0, MRP: ₹1999.0
2026-06-25 12:34:41,494 [INFO]     [SILVER] Hot Wheels Premium Car Culture Collectible Toy Car: ₹1320.0, MRP: ₹1999.0
2026-06-25 12:34:47,022 [INFO]     [SILVER] Hot Wheels Premium Car Culture Collectible Toy Car: ₹899.0, MRP: ₹1999.0
2026-06-25 12:34:51,402 [INFO]   Amazon search: hot wheels boulevard
2026-06-25 12:34:57,505 [INFO]     [SILVER] Hot Wheels Koenigsegg CC850 Boulevard™ Vehicle, 1 : ₹1399.0, MRP: ₹1499.0
2026-06-25 12:35:02,495 [INFO]     [SILVER] Hot Wheels 2021 Toyota GR Supra Boulevard™ Vehicle: ₹908.0, MRP: ₹1999.0
2026-06-25 12:35:07,354 [INFO]     [SILVER] Hot Wheels Datsun King CAB Baja Custom Boulevard™ : ₹888.0, MRP: ₹999.0
2026-06-25 12:35:13,211 [INFO]   Amazon search: hot wheels silhouettes
2026-06-25 12:35:18,311 [INFO]     [SILVER] Hot Wheels Track Creator Starter Pack with 1:64 Sc: ₹776.0, MRP: ₹935.0
2026-06-25 12:35:22,332 [INFO]     [SILVER] Hot Wheels Toy Car Track Set, Hot Ones Gravity Dro: ₹1594.64, MRP: ₹2199.0
2026-06-25 12:35:27,213 [INFO]     [SILVER] Hot Wheels Premium Car Culture Collectible Toy Car: ₹994.0, MRP: ₹1999.0
2026-06-25 12:35:30,227 [INFO]   Amazon search: hot wheels fast and furious
2026-06-25 12:35:36,743 [INFO]     [SILVER] Hot Wheels 2025 Fast & Furious Pack of 5 (70 Dodge: ₹1320.0, MRP: ₹1999.0
2026-06-25 12:35:40,821 [INFO]     [SILVER] Hot Wheels Toy Car, Fast & Furious Nissan Silvia S: ₹526.0, MRP: ₹999.0
2026-06-25 12:35:46,104 [INFO]     [SILVER] Hot Wheels Toy Car, Fast & Furious 70 Road Runner : ₹517.0, MRP: ₹999.0
2026-06-25 12:35:51,813 [INFO]   Amazon search: hot wheels premium
2026-06-25 12:35:57,401 [INFO]     [SILVER] Hot Wheels Premium Car Culture Collectible Toy Car: ₹935.0, MRP: ₹1999.0
2026-06-25 12:36:02,310 [INFO]     [SILVER] Hot Wheels 1:64 Scale 5-Pack Formula 1 Die-Cast To: ₹899.0, MRP: ₹2999.0
2026-06-25 12:36:07,654 [INFO]     [SILVER] Hot Wheels Toy Van, Premium Mattel 80th Volkswagen: ₹399.0, MRP: ₹549.0
2026-06-25 12:36:12,148 [INFO]   Amazon search: hot wheels treasure hunt
2026-06-25 12:36:18,291 [INFO]     [SILVER] Hot Wheels 2 Jet Z 4/5 (Gold) Treassure Hunt: ₹539.0, MRP: ₹1499.0
2026-06-25 12:36:23,910 [INFO]     [SILVER] Hot Wheels - Triumph TR6 Treasure Hunt - Track Cha: ₹799.0, MRP: ₹1299.0
2026-06-25 12:36:28,324 [INFO]     [SILVER] Hot Wheels - 1966 Triumph Tiger 100 - HW Moto 5/5 : ₹599.0, MRP: ₹999.0
2026-06-25 12:36:34,301 [INFO]   Amazon search: hot wheels zamac
2026-06-25 12:36:39,806 [INFO]     [SILVER] Hot Wheels ZAMAC Multipack: ₹1999.0, MRP: ₹2999.0
2026-06-25 12:36:44,910 [INFO]     [SILVER] Hot Wheels Zamac Subaru WRX STI, HW Speed Graphics: ₹999.0, MRP: ₹1999.0
2026-06-25 12:36:50,507 [INFO]     [SILVER] Hot Wheels® Color Shifters™ Science Lab with 1:64 : ₹1144.0, MRP: ₹2499.0
2026-06-25 12:36:54,190 [INFO]   Amazon search: hot wheels liberty walk
2026-06-25 12:37:01,693 [INFO]     [SILVER] Hot Wheels® Color Shifters™ Science Lab with 1:64 : ₹1144.0, MRP: ₹2499.0
2026-06-25 12:37:06,742 [INFO]     [SILVER] Hot Wheels® Premium Car Culture Toyota Supra 2-Pac: ₹1999.0, MRP: ₹1000.0
2026-06-25 12:37:12,669 [INFO]     [SILVER] Hot Wheels 2020 Koenigsegg Jesko HW Exotics Ages 3: ₹1498.0, MRP: ₹1999.0
2026-06-25 12:37:15,736 [INFO]   Amazon search: hot wheels nissan
2026-06-25 12:37:21,962 [INFO]     [SILVER] Hot Wheels Toy Car, Fast & Furious Nissan Silvia S: ₹526.0, MRP: ₹999.0
2026-06-25 12:37:25,987 [INFO]     [SILVER] Hot Wheels Nissan Skyline 2000 GT-R HW J-Imports A: ₹419.0, MRP: ₹999.0
2026-06-25 12:37:30,989 [INFO]     [SILVER] Hot Wheels Nissan Skyline GT-R BCNR33 70S vs 90S f: ₹978.0, MRP: ₹999.0
2026-06-25 12:37:34,520 [INFO]   Amazon search: hot wheels porsche
2026-06-25 12:37:40,192 [INFO]     [SILVER] Hot Wheels 1983 Porsche 928S HW Euro Ages 3 and Up: ₹379.0, MRP: ₹999.0
2026-06-25 12:37:44,370 [INFO]     [SILVER] Hot Wheels Porsche Taycan Turbo S HW EV Ages 3 and: ₹628.0, MRP: ₹999.0
2026-06-25 12:37:48,597 [INFO]     [SILVER] Hot Wheels Porsche 911 Carrera T Factory Fresh 1/5: ₹899.0, MRP: ₹1999.0
2026-06-25 12:37:52,042 [INFO]   Amazon search: hot wheels ferrari
2026-06-25 12:37:55,593 [INFO]   Amazon search: hot wheels lamborghini
2026-06-25 12:37:59,892 [INFO]   Amazon search: hot wheels mclaren
2026-06-25 12:38:05,051 [INFO]   Amazon search: hot wheels honda
2026-06-25 12:38:08,943 [INFO]   Amazon search: hot wheels mazda
2026-06-25 12:38:13,113 [INFO]   Amazon search: hot wheels toyota
2026-06-25 12:38:18,852 [INFO]   Amazon search: hot wheels subaru
2026-06-25 12:38:24,983 [INFO]   Amazon search: hot wheels mitsubishi
2026-06-25 12:38:29,302 [INFO]   Amazon search: hot wheels alfa romeo
2026-06-25 12:38:33,155 [INFO]   Amazon search: hot wheels koenigsegg
2026-06-25 12:38:39,117 [INFO]   Amazon search: hot wheels pagani
2026-06-25 12:38:42,977 [INFO]   Amazon search: hot wheels aston martin
2026-06-25 12:38:48,910 [INFO]   Amazon search: hot wheels maserati
2026-06-25 12:38:56,298 [INFO]     [SILVER] Hot Wheels Maserati Tipo 61 HW Starting Grid Ages : ₹433.0, MRP: ₹999.0
2026-06-25 12:39:01,961 [INFO]     [SILVER] Hot Wheels Maserati Shamal, 2025 Collection, 53/25: ₹495.0, MRP: ₹999.0
2026-06-25 12:39:07,574 [INFO]     [SILVER] Hot Wheels Boulevard™ Maserati MC20 Premium 1:64 S: ₹1999.0, MRP: ₹2599.0
2026-06-25 12:39:12,095 [INFO]   Amazon search: hot wheels shelby
2026-06-25 18:15:51,825 [INFO] ============================================================
2026-06-25 18:15:51,827 [INFO] Hotwheels Monitor Started
2026-06-25 18:15:51,827 [INFO] Interval: 5 min
2026-06-25 18:15:51,827 [INFO] Amazon products: 3
2026-06-25 18:15:51,827 [INFO] Shopify sites: 2
2026-06-25 18:15:51,827 [INFO] ============================================================
2026-06-25 18:15:51,827 [INFO] 
--- Check: 2026-06-25 18:15:51 ---
2026-06-25 18:15:51,827 [INFO]   [Amazon - Direct Products]
2026-06-25 18:15:51,827 [INFO]   Amazon: Hot Wheels Lotus Emira Factory Fresh
2026-06-25 18:15:53,097 [INFO]     Price: ₹999.0, MRP: ₹1999.0, Stock: True
2026-06-25 18:15:56,165 [INFO]   Amazon: Honda S2000 Fast & Furious Race Off 2026
2026-06-25 18:15:58,087 [INFO]     Price: ₹899.0, MRP: ₹999.0, Stock: True
2026-06-25 18:16:00,568 [INFO]   Amazon: '85 Mazda RX-7 Fast & Furious Race Off 2026
2026-06-25 18:16:00,742 [WARNING]     Could not parse price
2026-06-25 18:16:00,742 [INFO]   [Amazon - Search]
2026-06-25 18:16:00,742 [INFO]   Amazon search: hot wheels car culture
2026-06-25 18:16:07,279 [INFO]     [SILVER] Hot Wheels Premium Car Culture Collectible Toy Car: ₹929.0, MRP: ₹1999.0
2026-06-25 18:16:15,781 [INFO]     [SILVER] Hot Wheels Premium Car Culture Collectible Toy Car: ₹899.0, MRP: ₹1999.0
2026-06-25 18:16:20,315 [INFO]   Amazon search: hot wheels boulevard
2026-06-25 18:16:26,107 [INFO]     [SILVER] Hot Wheels Koenigsegg CC850 Boulevard™ Vehicle, 1 : ₹1399.0, MRP: ₹1499.0
2026-06-25 18:16:30,734 [INFO]     [SILVER] Hot Wheels 2021 Toyota GR Supra Boulevard™ Vehicle: ₹899.0, MRP: ₹1999.0
2026-06-25 18:16:35,130 [INFO]     [SILVER] Hot Wheels Datsun King CAB Baja Custom Boulevard™ : ₹888.0, MRP: ₹999.0
2026-06-25 18:16:38,263 [INFO]   Amazon search: hot wheels silhouettes
2026-06-25 18:16:38,447 [ERROR] Amazon fetch error: 503 Server Error: Service Unavailable for url: https://www.amazon.in/s?k=hot%20wheels%20silhouettes
2026-06-25 18:16:43,985 [INFO]   Amazon search: hot wheels fast and furious
2026-06-25 18:16:50,556 [INFO]     [SILVER] Hot Wheels 2025 Fast & Furious Pack of 5 (70 Dodge: ₹1319.0, MRP: ₹2199.0
2026-06-25 18:16:58,214 [INFO]     [SILVER] Hot Wheels Toy Car, Fast & Furious Nissan Silvia S: ₹999.0, MRP: ₹1099.0
2026-06-25 18:17:03,127 [INFO]   Amazon search: hot wheels premium
2026-06-25 18:17:10,808 [INFO]     [SILVER] Hot Wheels Premium Car Culture Collectible Toy Car: ₹929.0, MRP: ₹1999.0
2026-06-25 18:17:16,182 [INFO]     [SILVER] Hot Wheels Premium Car Culture Collectible Toy Car: ₹1940.0, MRP: ₹1999.0
2026-06-25 18:17:21,398 [INFO]     [SILVER] Hot Wheels 66 Porsche 906 Carrera 6, 1:64 Scale Di: ₹950.0, MRP: ₹1499.0
2026-06-25 18:17:25,943 [INFO]   Amazon search: hot wheels treasure hunt
2026-06-25 18:17:36,248 [INFO]     [SILVER] Hot Wheels - Triumph TR6 Treasure Hunt - Track Cha: ₹799.0, MRP: ₹1299.0
2026-06-25 18:17:40,349 [INFO]     [SILVER] Hot Wheels - 1966 Triumph Tiger 100 - HW Moto 5/5 : ₹599.0, MRP: ₹999.0
2026-06-25 18:17:43,404 [INFO]   Amazon search: hot wheels zamac
2026-06-25 18:17:49,362 [INFO]     [SILVER] Hot Wheels ZAMAC Multipack: ₹1999.0, MRP: ₹499.0
2026-06-25 18:17:54,137 [INFO]     [SILVER] Hot Wheels Zamac Subaru WRX STI, HW Speed Graphics: ₹999.0, MRP: ₹1499.0
2026-06-25 18:18:02,553 [INFO]   Amazon search: hot wheels liberty walk
2026-06-25 18:18:09,738 [INFO]     [SILVER] Hot Wheels® Premium Car Culture Toyota Supra 2-Pac: ₹1999.0, MRP: ₹1499.0
2026-06-25 18:18:14,997 [INFO]     [SILVER] Hot Wheels 2020 Koenigsegg Jesko HW Exotics Ages 3: ₹1498.0, MRP: ₹1999.0
2026-06-25 18:18:20,080 [INFO]     [SILVER] ​Hot Wheels 2016 Ford GT Race, 1:64 Scale Die-Cast: ₹985.0, MRP: ₹1499.0
2026-06-25 18:18:24,763 [INFO]   Amazon search: hot wheels nissan
2026-06-25 18:18:31,054 [INFO]     [SILVER] Hot Wheels Toy Car, Fast & Furious Nissan Silvia S: ₹526.0, MRP: ₹999.0
2026-06-25 18:18:36,500 [INFO]     [SILVER] Hot Wheels Nissan Skyline 2000 GT-R HW J-Imports A: ₹419.0, MRP: ₹999.0
2026-06-25 18:18:45,560 [INFO]   Amazon search: hot wheels porsche
2026-06-25 18:18:45,731 [ERROR] Amazon fetch error: 503 Server Error: Service Unavailable for url: https://www.amazon.in/s?k=hot%20wheels%20porsche
2026-06-25 18:18:50,918 [INFO]   Amazon search: hot wheels ferrari
2026-06-25 18:18:58,133 [INFO]     [SILVER] Hot Wheels Ferrari SF90 Stradale Ferrari Ages 3 an: ₹849.0, MRP: ₹999.0
2026-06-25 18:19:02,404 [INFO]     [SILVER] Hot Wheels Dino 206 GT Ferrari Ages 3 and Up 150/2: ₹609.0, MRP: ₹999.0
2026-06-25 18:19:06,597 [INFO]     [SILVER] Hot Wheels Car 2025 HW Motor Show Pack of 5 (Aston: ₹1625.0, MRP: ₹2999.0
2026-06-25 18:19:10,783 [INFO]   Amazon search: hot wheels lamborghini
2026-06-25 18:19:17,322 [INFO]     [SILVER] Hot Wheels 16 Lamborghini Centenario Roadster Exot: ₹999.0, MRP: ₹1499.0
2026-06-25 18:19:20,855 [INFO]     [SILVER] Hot Wheels LB-Works Lamborghini Huracan Coupe [Bla: ₹1299.0, MRP: ₹2499.0
2026-06-25 18:19:26,054 [INFO]     [SILVER] Hot Wheels Lamborghini HURACÁN LP 620-2 Super Trof: ₹988.0, MRP: ₹999.0
2026-06-25 18:19:31,046 [INFO]   Amazon search: hot wheels mclaren
2026-06-25 18:19:31,234 [ERROR] Amazon fetch error: 503 Server Error: Service Unavailable for url: https://www.amazon.in/s?k=hot%20wheels%20mclaren
2026-06-25 18:19:34,777 [INFO]   Amazon search: hot wheels honda
2026-06-25 18:19:45,300 [INFO]     [SILVER] Hot Wheels 2018 Honda Civic Type R Nighspeed Ages : ₹398.0, MRP: ₹999.0
2026-06-25 18:19:52,351 [INFO]   Amazon search: hot wheels mazda
2026-06-25 18:19:52,536 [ERROR] Amazon fetch error: 503 Server Error: Service Unavailable for url: https://www.amazon.in/s?k=hot%20wheels%20mazda
2026-06-25 18:19:55,802 [INFO]   Amazon search: hot wheels toyota
2026-06-25 18:19:55,976 [ERROR] Amazon fetch error: 503 Server Error: Service Unavailable for url: https://www.amazon.in/s?k=hot%20wheels%20toyota
2026-06-25 18:19:59,639 [INFO]   Amazon search: hot wheels subaru
2026-06-25 18:20:04,499 [INFO]     [SILVER] Hot Wheels Subaru BRZ J-Imports Ages 3 Years and U: ₹635.0, MRP: ₹1499.0
2026-06-25 18:20:09,030 [INFO]     [PREMIUM] Hot Wheels Premium Car Culture Collectible Toy Car: ₹729.0, MRP: ₹799.0
2026-06-25 18:20:17,124 [INFO]   Amazon search: hot wheels mitsubishi
2026-06-25 18:20:22,972 [INFO]     [PREMIUM] Hot Wheels Premium Car Culture Collectible Toy Car: ₹1449.0, MRP: ₹1999.0
2026-06-25 18:20:27,431 [INFO]     [SILVER] Hot Wheels Mitsubishi Pajero Evolition HW J Import: ₹798.0, MRP: ₹1999.0
2026-06-25 18:20:35,707 [INFO]   Amazon search: hot wheels alfa romeo
2026-06-25 18:20:35,887 [ERROR] Amazon fetch error: 503 Server Error: Service Unavailable for url: https://www.amazon.in/s?k=hot%20wheels%20alfa%20romeo
2026-06-25 18:20:40,829 [INFO]   Amazon search: hot wheels koenigsegg
2026-06-25 18:20:45,639 [INFO]     [SILVER] Hot Wheels Koenigsegg CC850 Boulevard™ Vehicle, 1 : ₹1399.0, MRP: ₹1499.0
2026-06-25 18:20:50,722 [INFO]     [SILVER] Hot Wheels 2020 Koenigsegg Jesko HW Exotics Ages 3: ₹1498.0, MRP: ₹1999.0
2026-06-25 18:20:58,048 [INFO]   Amazon search: hot wheels pagani
2026-06-25 18:21:04,391 [INFO]     [SILVER] Hot Wheels 2025 Pagani Utopia Peak Pursuit Ages 3 : ₹879.0, MRP: ₹1999.0
2026-06-25 18:21:08,166 [INFO]     [SILVER] Hot Wheels 17 Pagani Huayra Roadster Exotics Ages : ₹1299.0, MRP: ₹1499.0
2026-06-25 18:21:13,280 [INFO]     [SILVER] Hot Wheels 1:64 Pagani Utopia HW Exotics 3 Years &: ₹899.0, MRP: ₹1999.0
2026-06-25 18:21:18,199 [INFO]   Amazon search: hot wheels aston martin
2026-06-25 18:21:25,445 [INFO]     [SILVER] Hot Wheels 2024 Aston Martin Vantage GT3 Exoticars: ₹740.0, MRP: ₹1999.0
2026-06-25 18:21:29,373 [INFO]     [SILVER] Hot Wheels Euro Speed Aston Martin Vantage GTE Pre: ₹909.0, MRP: ₹1999.0
2026-06-25 18:21:34,199 [INFO]     [SILVER] Hot Wheels Aston Martin Valhalla Concept, Sreen Ti: ₹999.0, MRP: ₹2999.0
2026-06-25 18:21:37,294 [INFO]   Amazon search: hot wheels maserati
2026-06-25 18:21:37,471 [ERROR] Amazon fetch error: 503 Server Error: Service Unavailable for url: https://www.amazon.in/s?k=hot%20wheels%20maserati
2026-06-25 18:21:40,919 [INFO]   Amazon search: hot wheels shelby
2026-06-25 18:21:48,187 [INFO]     [SILVER] Hot Wheels 2020 Ford Mustang Shelby GT500 Ages 3 a: ₹795.0, MRP: ₹1999.0
2026-06-25 18:21:52,976 [INFO]     [SILVER] Hot Wheels Shelby Cobra 427 SC, 1:64 Scale Die-Cas: ₹749.0, MRP: ₹1499.0
2026-06-25 18:21:57,785 [INFO]     [SILVER] Hot Wheels 2026 Match Box 1965 Shlby Cobra 427 for: ₹630.0, MRP: ₹999.0
2026-06-25 18:22:01,075 [INFO]   Amazon search: hot wheels dodge
2026-06-25 18:22:04,655 [INFO]   Amazon search: hot wheels chevrolet
2026-06-25 18:22:08,760 [INFO]   Amazon search: hot wheels ford mustang
2026-06-25 18:22:12,938 [INFO]   [Indian Stores - Shopify Gateway]
2026-06-25 18:22:12,938 [INFO]   Checking Kinder Logs...
2026-06-25 18:22:35,639 [INFO]     Found 9 deals on Kinder Logs
2026-06-25 18:22:35,639 [INFO]   Checking Zoomsters India...
2026-06-25 18:22:57,956 [INFO]     No deals under ₹800 from search, trying full catalog...
2026-06-25 18:23:10,462 [INFO]     Found 9 deals on Zoomsters India
2026-06-25 18:23:11,126 [INFO] Telegram alert sent successfully!
2026-06-25 18:23:11,127 [INFO] Alert: Amazon - Hot Wheels Premium Car Culture Collectib
2026-06-25 18:23:12,819 [INFO] Telegram alert sent successfully!
2026-06-25 18:23:12,820 [INFO] Alert: Kinder Logs - Hot Wheels McLaren Solus GT - Orange
2026-06-25 18:23:14,506 [INFO] Telegram alert sent successfully!
2026-06-25 18:23:14,507 [INFO] Alert: Kinder Logs - Hot Wheels 1976 Greenwood Corvette - Mil
2026-06-25 18:23:16,171 [INFO] Telegram alert sent successfully!
2026-06-25 18:23:16,172 [INFO] Alert: Kinder Logs - Hot Wheels 1984 Ford Mustang SVO (Black)
2026-06-25 18:23:17,825 [INFO] Telegram alert sent successfully!
2026-06-25 18:23:17,826 [INFO] Alert: Kinder Logs - Hot Wheels 1984 Ford Mustang SVO (Purple
2026-06-25 18:23:19,472 [INFO] Telegram alert sent successfully!
2026-06-25 18:23:19,473 [INFO] Alert: Kinder Logs - Hot Wheels 1989 Mazda Savanna RX7 (Orang
2026-06-25 18:23:21,118 [INFO] Telegram alert sent successfully!
2026-06-25 18:23:21,119 [INFO] Alert: Kinder Logs - Hot Wheels 1989 Mazda Savanna RX7 (Red)
2026-06-25 18:23:22,857 [INFO] Telegram alert sent successfully!
2026-06-25 18:23:22,859 [INFO] Alert: Kinder Logs - Hot Wheels 1989 Mazda Savanna RX7 FC3S -
2026-06-25 18:23:24,539 [INFO] Telegram alert sent successfully!
2026-06-25 18:23:24,539 [INFO] Alert: Kinder Logs - Hot Wheels 1990 Honda Civic EF - Green (
2026-06-25 18:23:26,181 [INFO] Telegram alert sent successfully!
2026-06-25 18:23:26,182 [INFO] Alert: Kinder Logs - Hot Wheels 2018 Honda Civic Type R - Red
2026-06-25 18:23:27,183 [INFO] Done. New alerts: 10
2026-06-25 18:23:27,183 [INFO] Next check in 5 min...
2026-06-29 12:32:16,491 [INFO] ============================================================
2026-06-29 12:32:16,492 [INFO] Hotwheels Monitor Started
2026-06-29 12:32:16,492 [INFO] Interval: 5 min
2026-06-29 12:32:16,492 [INFO] Amazon products: 3
2026-06-29 12:32:16,492 [INFO] Shopify sites: 2
2026-06-29 12:32:16,492 [INFO] ============================================================
2026-06-29 12:32:16,492 [INFO] 
--- Check: 2026-06-29 12:32:16 ---
2026-06-29 12:32:16,492 [INFO]   [Amazon - Direct Products]
2026-06-29 12:32:16,492 [INFO]   Amazon: Hot Wheels Lotus Emira Factory Fresh
2026-06-29 12:32:18,576 [INFO]     Price: ₹999.0, MRP: ₹1999.0, Stock: True
2026-06-29 12:32:21,116 [INFO]   Amazon: Honda S2000 Fast & Furious Race Off 2026
2026-06-29 12:32:21,389 [WARNING]     Could not parse price
2026-06-29 12:32:21,389 [INFO]   Amazon: '85 Mazda RX-7 Fast & Furious Race Off 2026
2026-06-29 12:32:21,674 [WARNING]     Could not parse price
2026-06-29 12:32:21,675 [INFO]   [Amazon - Search]
2026-06-29 12:32:21,675 [INFO]   Amazon search: hot wheels car culture
2026-06-29 12:32:21,921 [ERROR] Amazon fetch error: 503 Server Error: Service Unavailable for url: https://www.amazon.in/s?k=hot%20wheels%20car%20culture
2026-06-29 12:32:25,244 [INFO]   Amazon search: hot wheels boulevard
2026-06-29 12:32:25,534 [ERROR] Amazon fetch error: 503 Server Error: Service Unavailable for url: https://www.amazon.in/s?k=hot%20wheels%20boulevard
2026-06-29 12:32:30,119 [INFO]   Amazon search: hot wheels silhouettes
2026-06-29 12:32:37,075 [INFO]     [PREMIUM] Hot Wheels® Color Shifters™ Science Lab with 1:64 : ₹1933.0, MRP: ₹2599.0
2026-06-29 12:32:42,282 [INFO]     [PREMIUM] Hot Wheels Toy Car Track Set, Hot Ones Gravity Dro: ₹1464.08, MRP: ₹2199.0
2026-06-29 12:32:48,092 [INFO]     [SILVER] Hot Wheels Track Creator Starter Pack with 1:64 Sc: ₹776.0, MRP: ₹935.0
2026-06-29 12:32:53,811 [INFO]   Amazon search: hot wheels fast and furious
2026-06-29 12:32:54,031 [ERROR] Amazon fetch error: 503 Server Error: Service Unavailable for url: https://www.amazon.in/s?k=hot%20wheels%20fast%20and%20furious
2026-06-29 12:32:57,256 [INFO]   Amazon search: hot wheels premium
2026-06-29 12:33:02,042 [INFO]   Amazon search: hot wheels treasure hunt
2026-06-29 12:33:08,015 [INFO]   Amazon search: hot wheels zamac
2026-06-29 12:33:12,030 [INFO]   Amazon search: hot wheels liberty walk
2026-06-29 12:33:16,142 [INFO]   Amazon search: hot wheels nissan
2026-06-29 12:33:22,200 [INFO]   Amazon search: hot wheels porsche
2026-06-29 12:33:27,945 [INFO]   Amazon search: hot wheels ferrari
2026-06-29 12:33:34,107 [INFO]   Amazon search: hot wheels lamborghini
2026-06-29 12:33:39,450 [INFO]   Amazon search: hot wheels mclaren
2026-06-29 12:33:43,821 [INFO]   Amazon search: hot wheels honda
2026-06-29 12:33:48,602 [INFO]   Amazon search: hot wheels mazda
2026-06-29 12:33:53,821 [INFO]   Amazon search: hot wheels toyota
2026-06-29 12:33:54,160 [ERROR] Amazon fetch error: 503 Server Error: Service Unavailable for url: https://www.amazon.in/s?k=hot%20wheels%20toyota
2026-06-29 12:33:57,801 [INFO]   Amazon search: hot wheels subaru
2026-06-29 12:33:58,078 [ERROR] Amazon fetch error: 503 Server Error: Service Unavailable for url: https://www.amazon.in/s?k=hot%20wheels%20subaru
2026-06-29 12:34:01,472 [INFO]   Amazon search: hot wheels mitsubishi
2026-06-29 12:34:08,511 [INFO]     [PREMIUM] Hot Wheels Premium Car Culture Collectible Toy Car: ₹1449.0, MRP: ₹1999.0
2026-06-29 12:34:13,850 [INFO]     [SILVER] Hot Wheels Mitsubishi Pajero Evolition HW J Import: ₹798.0, MRP: ₹1999.0
2026-06-29 12:34:18,945 [INFO]     [PREMIUM] Hot Wheels Boulevard™ Mitsubishi Pajero Evolution : ₹1449.0, MRP: ₹1599.0
2026-06-29 12:34:22,694 [INFO]   Amazon search: hot wheels alfa romeo
2026-06-29 12:34:28,781 [INFO]     [SILVER] Hot Wheels - Alfa Romeo Giulia T1 Super - Compact : ₹385.0, MRP: ₹999.0
2026-06-29 12:34:33,100 [INFO]     [SILVER] Hot Wheels Alfa Romeo Giulia TI Super Compact King: ₹475.0, MRP: ₹999.0
2026-06-29 12:34:37,302 [INFO]     [SILVER] Hot Wheels 1:64 Scale Toy Car, Die-Cast Vintage Al: ₹635.0, MRP: ₹999.0
2026-06-29 12:34:42,000 [INFO]   Amazon search: hot wheels koenigsegg
2026-06-29 12:34:50,974 [INFO]     [PREMIUM] Hot Wheels Ferrari SF90 Stradale Ferrari Ages 3 an: ₹999.0, MRP: ₹1999.0
2026-06-29 12:34:54,876 [INFO]     [PREMIUM] Hot Wheels Koenigsegg Gemera HW Turbo Ages 3 and U: ₹1899.0, MRP: ₹2999.0
2026-06-29 12:34:59,435 [INFO]   Amazon search: hot wheels pagani
2026-06-29 12:35:05,557 [INFO]     [SILVER] Hot Wheels 2025 Pagani Utopia Peak Pursuit Ages 3 : ₹879.0, MRP: ₹1999.0
2026-06-29 12:35:10,212 [INFO]     [PREMIUM] Hot Wheels 17 Pagani Huayra Roadster Exotics Ages : ₹1299.0, MRP: ₹1499.0
2026-06-29 12:35:15,235 [INFO]     [SILVER] Hot Wheels Pagani Zonda Cinque Exotics Ages 3 and : ₹359.0, MRP: ₹999.0
2026-06-29 12:35:19,620 [INFO]   Amazon search: hot wheels aston martin
2026-06-29 12:35:19,863 [ERROR] Amazon fetch error: 503 Server Error: Service Unavailable for url: https://www.amazon.in/s?k=hot%20wheels%20aston%20martin
2026-06-29 12:35:24,107 [INFO]   Amazon search: hot wheels maserati
2026-06-29 12:35:36,808 [INFO]     [PREMIUM] Hot Wheels Boulevard™ Maserati MC20 Premium 1:64 S: ₹1999.0, MRP: ₹1495.0
2026-06-29 12:35:40,299 [INFO]   Amazon search: hot wheels shelby
2026-06-29 12:35:40,589 [ERROR] Amazon fetch error: 503 Server Error: Service Unavailable for url: https://www.amazon.in/s?k=hot%20wheels%20shelby
2026-06-29 12:35:45,689 [INFO]   Amazon search: hot wheels dodge
2026-06-29 12:35:52,066 [INFO]     [SILVER] Hot Wheels 20 Dodge Charger Hellcat Nightspeed Age: ₹595.0, MRP: ₹1999.0
2026-06-29 12:35:56,766 [INFO]     [SILVER] Hot Wheels 2025 20 Dodge Charger Hellcat Muscle Ma: ₹459.0, MRP: ₹1099.0
2026-06-29 12:36:01,667 [INFO]     [SILVER] Hot Wheels 55th Anniversary 87 Dodge D100 for 3 Ye: ₹439.0, MRP: ₹1999.0
2026-06-29 12:36:04,944 [INFO]   Amazon search: hot wheels chevrolet
2026-06-29 12:36:18,305 [INFO]     [PREMIUM] Hot Wheels 2025 Fast & Furious Pack of 5 (70 Dodge: ₹1299.0, MRP: ₹2499.0
2026-06-29 12:36:21,615 [INFO]   Amazon search: hot wheels ford mustang
2026-06-29 12:36:27,642 [INFO]     [SILVER] Hot Wheels 2020 Ford Mustang Shelby GT500 Ages 3 a: ₹795.0, MRP: ₹1999.0
2026-06-29 12:36:31,698 [INFO]     [SILVER] Hot Wheels Ford Mustang Dark House Then and Now Ag: ₹695.0, MRP: ₹1499.0
2026-06-29 12:36:35,604 [INFO]     [PREMIUM] Hot Wheels - Ford Mustang GTD - Factory Fresh 3/5 : ₹999.0, MRP: ₹499.0
2026-06-29 12:36:40,403 [INFO]   [Indian Stores - Shopify Gateway]
2026-06-29 12:36:40,403 [INFO]   Checking Kinder Logs...
2026-06-29 12:37:05,009 [INFO]     Found 12 deals on Kinder Logs
2026-06-29 12:37:05,009 [INFO]   Checking Zoomsters India...
2026-06-29 12:37:29,255 [INFO]     No deals under ₹800 from search, trying full catalog...
2026-06-29 12:37:43,327 [INFO]     Found 12 deals on Zoomsters India
2026-06-29 12:37:44,184 [INFO] Telegram alert sent successfully!
2026-06-29 12:37:44,185 [INFO] Alert: Kinder Logs - Hot Wheels McLaren Solus GT - Orange
2026-06-29 12:37:45,941 [INFO] Telegram alert sent successfully!
2026-06-29 12:37:45,942 [INFO] Alert: Kinder Logs - Hot Wheels 1976 Greenwood Corvette - Mil
2026-06-29 12:37:47,730 [INFO] Telegram alert sent successfully!
2026-06-29 12:37:47,731 [INFO] Alert: Kinder Logs - Hot Wheels 1984 Ford Mustang SVO (Black)
2026-06-29 12:37:49,556 [INFO] Telegram alert sent successfully!
2026-06-29 12:37:49,557 [INFO] Alert: Kinder Logs - Hot Wheels 1984 Ford Mustang SVO (Purple
2026-06-29 12:37:51,363 [INFO] Telegram alert sent successfully!
2026-06-29 12:37:51,363 [INFO] Alert: Kinder Logs - Hot Wheels 1989 Mazda Savanna RX7 (Orang
2026-06-29 12:37:53,196 [INFO] Telegram alert sent successfully!
2026-06-29 12:37:53,197 [INFO] Alert: Kinder Logs - Hot Wheels 1989 Mazda Savanna RX7 (Red)
2026-06-29 12:37:54,962 [INFO] Telegram alert sent successfully!
2026-06-29 12:37:54,962 [INFO] Alert: Kinder Logs - Hot Wheels 1989 Mazda Savanna RX7 FC3S -
2026-06-29 12:37:56,734 [INFO] Telegram alert sent successfully!
2026-06-29 12:37:56,734 [INFO] Alert: Kinder Logs - Hot Wheels Honda Civic Custom - White (I
2026-06-29 12:37:58,579 [INFO] Telegram alert sent successfully!
2026-06-29 12:37:58,579 [INFO] Alert: Kinder Logs - Hot Wheels 1990 Honda Civic EF - Green (
2026-06-29 12:38:00,292 [INFO] Telegram alert sent successfully!
2026-06-29 12:38:00,293 [INFO] Alert: Kinder Logs - Hot Wheels 2018 Honda Civic Type R - Red
2026-06-29 12:38:02,113 [INFO] Telegram alert sent successfully!
2026-06-29 12:38:02,113 [INFO] Alert: Kinder Logs - Hot Wheels Honda Civic Custom - Teal (Sh
2026-06-29 12:38:03,937 [INFO] Telegram alert sent successfully!
2026-06-29 12:38:03,938 [INFO] Alert: Kinder Logs - Hot Wheels Alfa Romeo GTV6 3.0 - Grey (I
2026-06-29 12:38:04,938 [INFO] Done. New alerts: 12
2026-06-29 12:38:04,939 [INFO] Next check in 5 min...
2026-06-29 16:26:54,592 [INFO] ============================================================
2026-06-29 16:26:54,592 [INFO] Hotwheels Monitor Started
2026-06-29 16:26:54,593 [INFO] Interval: 5 min
2026-06-29 16:26:54,593 [INFO] Amazon products: 6
2026-06-29 16:26:54,593 [INFO] Shopify sites: 2
2026-06-29 16:26:54,593 [INFO] ============================================================
2026-06-29 16:26:54,594 [INFO] 
--- Check: 2026-06-29 16:26:54 ---
2026-06-29 16:26:54,594 [INFO]   [Amazon - Direct Products]
2026-06-29 16:26:54,594 [INFO]   Amazon: Hot Wheels Lotus Emira Factory Fresh
2026-06-29 16:26:56,441 [INFO]     Price: ₹999.0, MRP: ₹1999.0, Stock: True
2026-06-29 16:26:59,427 [INFO]   Amazon: Honda S2000 Fast & Furious Race Off 2026
2026-06-29 16:26:59,595 [WARNING]     Could not parse price
2026-06-29 16:26:59,596 [INFO]   Amazon: '85 Mazda RX-7 Fast & Furious Race Off 2026
2026-06-29 16:27:01,453 [INFO]     Price: ₹899.0, MRP: ₹999.0, Stock: True
2026-06-29 16:27:04,254 [INFO]   Amazon: Hot Wheels Porsche 917 K Eurospeed Car Culture
2026-06-29 16:27:04,431 [WARNING]     Could not parse price
2026-06-29 16:27:04,431 [INFO]   Amazon: Hot Wheels Ferrari 250 GTO Eurospeed Car Culture
2026-06-29 16:27:06,061 [INFO]     Price: ₹1940.0, MRP: ₹1999.0, Stock: True
2026-06-29 16:27:09,910 [INFO]   Amazon: Hot Wheels Eurospeed Car Culture Premium
2026-06-29 16:27:11,627 [INFO]     Price: ₹930.0, MRP: ₹999.0, Stock: True
2026-06-29 16:27:15,355 [INFO]   [Amazon - Search]
2026-06-29 16:27:15,356 [INFO]   Amazon search: hot wheels car culture
2026-06-29 16:27:25,420 [INFO]     [PREMIUM] Hot Wheels Premium Car Culture Collectible Toy Car: ₹1940.0, MRP: ₹1999.0
2026-06-29 16:27:29,687 [INFO]     [PREMIUM] Hot Wheels Premium Car Culture Collectible Toy Car: ₹949.0, MRP: ₹1999.0
2026-06-29 16:27:33,158 [INFO]   Amazon search: hot wheels boulevard
2026-06-29 16:27:38,918 [INFO]     [SILVER] Hot Wheels 2021 Toyota GR Supra Boulevard™ Vehicle: ₹879.0, MRP: ₹1999.0
2026-06-29 16:27:43,922 [INFO]     [SILVER] Hot Wheels 1967 Jeepster Commando Boulevard™ Vehic: ₹845.0, MRP: ₹999.0
2026-06-29 16:27:50,933 [INFO]   Amazon search: hot wheels silhouettes
2026-06-29 16:27:55,848 [INFO]   Amazon search: hot wheels fast and furious
2026-06-29 16:28:00,433 [INFO]   Amazon search: hot wheels premium
2026-06-29 16:28:05,616 [INFO]   Amazon search: hot wheels treasure hunt
2026-06-29 16:28:09,354 [INFO]   Amazon search: hot wheels zamac
2026-06-29 16:28:14,988 [INFO]   Amazon search: hot wheels liberty walk
2026-06-29 16:28:20,778 [INFO]   Amazon search: hot wheels nissan
2026-06-29 16:28:25,057 [INFO]   Amazon search: hot wheels porsche
2026-06-29 16:28:29,612 [INFO]   Amazon search: hot wheels ferrari
2026-06-29 16:28:33,380 [INFO]   Amazon search: hot wheels lamborghini
2026-06-29 16:28:38,866 [INFO]   Amazon search: hot wheels mclaren
2026-06-29 16:28:42,767 [INFO]   Amazon search: hot wheels honda
2026-06-29 16:28:48,540 [INFO]   Amazon search: hot wheels mazda
2026-06-29 16:28:48,764 [ERROR] Amazon fetch error: 503 Server Error: Service Unavailable for url: https://www.amazon.in/s?k=hot%20wheels%20mazda
2026-06-29 16:28:52,429 [INFO]   Amazon search: hot wheels toyota
2026-06-29 16:28:58,347 [INFO]     [SILVER] Hot Wheels 20 Toyota GR Supra Then and Now Ages 3 : ₹681.0, MRP: ₹999.0
2026-06-29 16:29:03,957 [INFO]     [SILVER] Hot Wheels Toyota Prius Custom [White] J-Imports 1: ₹445.0, MRP: ₹999.0
2026-06-29 16:29:12,885 [INFO]   Amazon search: hot wheels subaru
2026-06-29 16:29:19,976 [INFO]     [SILVER] Hot Wheels Subaru BRZ J-Imports Ages 3 Years and U: ₹635.0, MRP: ₹1499.0
2026-06-29 16:29:30,650 [INFO]   Amazon search: hot wheels mitsubishi
2026-06-29 16:29:37,003 [INFO]     [PREMIUM] Hot Wheels Premium Car Culture Collectible Toy Car: ₹1449.0, MRP: ₹1999.0
2026-06-29 16:29:42,543 [INFO]     [SILVER] Hot Wheels Mitsubishi Pajero Evolition HW J Import: ₹798.0, MRP: ₹1999.0
2026-06-29 16:29:46,748 [INFO]     [PREMIUM] Hot Wheels Boulevard™ Mitsubishi Pajero Evolution : ₹1449.0, MRP: ₹1599.0
2026-06-29 16:29:52,426 [INFO]   Amazon search: hot wheels alfa romeo
2026-06-29 16:29:52,626 [ERROR] Amazon fetch error: 503 Server Error: Service Unavailable for url: https://www.amazon.in/s?k=hot%20wheels%20alfa%20romeo
2026-06-29 16:29:57,065 [INFO]   Amazon search: hot wheels koenigsegg
2026-06-29 16:30:04,331 [INFO]     [PREMIUM] Hot Wheels 2020 Koenigsegg Jesko HW Exotics Ages 3: ₹1498.0, MRP: ₹1999.0
2026-06-29 16:30:09,916 [INFO]     [PREMIUM] Hot Wheels Ferrari SF90 Stradale Ferrari Ages 3 an: ₹999.0, MRP: ₹1999.0
2026-06-29 16:30:14,024 [INFO]     [PREMIUM] Hot Wheels Koenigsegg Gemera HW Turbo Ages 3 and U: ₹1899.0, MRP: ₹2999.0
2026-06-29 16:30:18,429 [INFO]   Amazon search: hot wheels pagani
2026-06-29 16:30:18,619 [ERROR] Amazon fetch error: 503 Server Error: Service Unavailable for url: https://www.amazon.in/s?k=hot%20wheels%20pagani
2026-06-29 16:30:23,002 [INFO]   Amazon search: hot wheels aston martin
2026-06-29 16:30:23,221 [ERROR] Amazon fetch error: 503 Server Error: Service Unavailable for url: https://www.amazon.in/s?k=hot%20wheels%20aston%20martin
2026-06-29 16:30:26,515 [INFO]   Amazon search: hot wheels maserati
2026-06-29 16:30:26,701 [ERROR] Amazon fetch error: 503 Server Error: Service Unavailable for url: https://www.amazon.in/s?k=hot%20wheels%20maserati
2026-06-29 16:30:30,155 [INFO]   Amazon search: hot wheels shelby
2026-06-29 16:30:36,564 [INFO]     [SILVER] Hot Wheels 2020 Ford Mustang Shelby GT500 Ages 3 a: ₹795.0, MRP: ₹1999.0
2026-06-29 16:30:40,844 [INFO]     [SILVER] Hot Wheels Shelby Cobra 427 SC, 1:64 Scale Die-Cas: ₹749.0, MRP: ₹1499.0
2026-06-29 16:30:45,437 [INFO]     [SILVER] Hot Wheels 2026 Match Box 1965 Shlby Cobra 427 for: ₹652.0, MRP: ₹1299.0
2026-06-29 16:30:50,220 [INFO]   Amazon search: hot wheels dodge
2026-06-29 16:30:53,597 [INFO]   Amazon search: hot wheels chevrolet
2026-06-29 16:30:58,987 [INFO]   Amazon search: hot wheels ford mustang
2026-06-29 16:31:03,565 [INFO]   [Indian Stores - Shopify Gateway]
2026-06-29 16:31:03,569 [INFO]   Checking Kinder Logs...
2026-06-29 16:31:20,432 [INFO] Stopped.
